Source;Target;Weight;Type;PreSynTransmitter;PostSynReceptor
I1L;I2L;10;chemical;Acetylcholine;
I1L;I3;3;chemical;Acetylcholine;
I1L;I6;1;chemical;Acetylcholine;
I1L;M2L;3;chemical;Acetylcholine;
I1L;M3L;8;chemical;Acetylcholine;
I1L;M3R;2;chemical;Acetylcholine;
I1L;MCL;2;chemical;Acetylcholine;
I1L;MCR;2;chemical;Acetylcholine;
I1L;NSML;3;chemical;Acetylcholine;
I1R;I2R;6;chemical;Acetylcholine;
I1R;I3;1;chemical;Acetylcholine;
I1R;M1;1;chemical;Acetylcholine;
I1R;M2L;1;chemical;Acetylcholine;
I1R;M2R;3;chemical;Acetylcholine;
I1R;M3L;1;chemical;Acetylcholine;
I1R;M3R;6;chemical;Acetylcholine;
I1R;MCL;3;chemical;Acetylcholine;
I1R;MCR;4;chemical;Acetylcholine;
I1R;NSML;1;chemical;Acetylcholine;
I1R;NSMR;2;chemical;Acetylcholine;
I2L;I1L;2;chemical;Glutamate;GLR-7, GLR-8
I2L;I2R;3;chemical;Glutamate;GLR-7, GLR-8
I2L;I4;13;chemical;Glutamate;
I2L;M1;1;chemical;Glutamate;AVR-14, GLR-2
I2L;NSML;14;chemical;Glutamate;GLR-7, GLR-8
I2L;NSMR;24;chemical;Glutamate;GLR-7, GLR-8
I5;I1L;2;chemical;Glutamate, Serotonin;GLR-7, GLR-8
I5;I2L;3;chemical;Glutamate, Serotonin;GLR-7, GLR-8, SER-7
I5;I2R;1;chemical;Glutamate, Serotonin;GLR-7, GLR-8, SER-7
I5;I3;1;chemical;Glutamate, Serotonin;GLR-7, GLR-8, SER-7
I5;I4;7;chemical;Glutamate, Serotonin;SER-7
I5;M1;3;chemical;Glutamate, Serotonin;AVR-14, GLR-2, SER-4
I5;M2L;4;chemical;Glutamate, Serotonin;SER-7
I5;M3L;4;chemical;Glutamate, Serotonin;GLR-8, SER-7
I5;M3R;2;chemical;Glutamate, Serotonin;GLR-8, SER-7
I5;M4;19;chemical;Glutamate, Serotonin;GLR-8, SER7b, SER-7
I5;NSML;1;chemical;Glutamate, Serotonin;GLR-7, GLR-8, SER-2, SER-4
I5;NSMR;5;chemical;Glutamate, Serotonin;GLR-7, GLR-8, SER-2, SER-4
I6;I1R;1;chemical;Acetylcholine;
I6;I2L;1;chemical;Acetylcholine;
I6;I2R;4;chemical;Acetylcholine;
I6;I3;12;chemical;Acetylcholine;
I6;M3L;10;chemical;Acetylcholine;
I6;M4;15;chemical;Acetylcholine;
I6;NSML;24;chemical;Acetylcholine;
I6;NSMR;23;chemical;Acetylcholine;
M1;I2L;3;chemical;Acetylcholine;
M1;I2R;2;chemical;Acetylcholine;
M1;I3;8;chemical;Acetylcholine;
M1;I4;1;chemical;Acetylcholine;
M1;NSML;2;chemical;Acetylcholine;
M2L;I3;2;chemical;Acetylcholine;
M2L;I4;8;chemical;Acetylcholine;
M2L;M3L;3;chemical;Acetylcholine;
M2L;M3R;1;chemical;Acetylcholine;
M2R;I4;1;chemical;Acetylcholine;
M2R;M3L;2;chemical;Acetylcholine;
M2R;M3R;1;chemical;Acetylcholine;
M2R;NSMR;1;chemical;Acetylcholine;
M3L;NSML;1;chemical;Glutamate;GLR-7, GLR-8
M3R;M4;2;chemical;Glutamate;GLR-8
M4;I4;5;chemical;Acetylcholine;
M4;M2L;1;chemical;Acetylcholine;
M4;M3L;1;chemical;Acetylcholine;
M4;M4;15;chemical;Acetylcholine;
M4;MCL;1;chemical;Acetylcholine;
MI;I1L;1;chemical;Glutamate;GLR-7, GLR-8
MI;I3;2;chemical;Glutamate;GLR-7, GLR-8
MI;I4;1;chemical;Glutamate;
MI;M1;7;chemical;Glutamate;AVR-14, GLR-2
MI;M2L;3;chemical;Glutamate;
MI;M2R;2;chemical;Glutamate;
MI;M3L;2;chemical;Glutamate;GLR-8
MI;MCL;3;chemical;Glutamate;GLR-8
MI;NSML;1;chemical;Glutamate;GLR-7, GLR-8
MI;NSMR;2;chemical;Glutamate;GLR-7, GLR-8
NSML;I4;1;chemical;Serotonin;SER-7
NSML;M3L;21;chemical;Serotonin;SER-7
NSML;M3R;1;chemical;Serotonin;SER-7
NSML;M4;13;chemical;Serotonin;SER7b, SER-7
NSML;NSMR;7;chemical;Serotonin;SER-2, SER-4
NSMR;I2L;1;chemical;Serotonin;SER-7
NSMR;I2R;1;chemical;Serotonin;SER-7
NSMR;I4;3;chemical;Serotonin;SER-7
NSMR;I6;4;chemical;Serotonin;SER-7
NSMR;M3R;24;chemical;Serotonin;SER-7
ADFL;ADLL;1;chemical;Serotonin;SER-6
ADFL;AWBL;2;chemical;Serotonin;SER-5, SER-6
ADFL;AWCR;2;chemical;Serotonin;
ADFL;AFDL;1;chemical;Serotonin;
ADFL;URXL;1;chemical;Serotonin;
ADFL;AUAL;12;chemical;Serotonin;SER-2
ADFL;AIAL;2;chemical;Serotonin;MOD-1
ADFL;AIBL;2;chemical;Serotonin;MOD-1, SER-4
ADFL;AIBR;1;chemical;Serotonin;MOD-1, SER-1, SER-4
ADFL;AIZL;39;chemical;Serotonin;MOD-1, SER-2
ADFL;RIAL;46;chemical;Serotonin;SER-1, SER-2
ADFL;RIBL;4;chemical;Serotonin;SER-4
ADFL;RIGL;4;chemical;Serotonin;
ADFL;RIGR;1;chemical;Serotonin;
ADFL;RIVL;1;chemical;Serotonin;
ADFL;SMBDL;1;chemical;Serotonin;
ADFL;SMDVL;1;chemical;Serotonin;
ADFR;ADFR;1;chemical;Serotonin;
ADFR;ASHR;6;chemical;Serotonin;SER-3, SER-5
ADFR;AWAR;1;chemical;Serotonin;
ADFR;AWBR;4;chemical;Serotonin;SER-5, SER-6
ADFR;AWCR;1;chemical;Serotonin;
ADFR;AFDR;1;chemical;Serotonin;
ADFR;OLQVR;1;chemical;Serotonin;
ADFR;BAGL;6;chemical;Serotonin;
ADFR;URXR;10;chemical;Serotonin;
ADFR;URYVR;2;chemical;Serotonin;SER-1
ADFR;AUAR;9;chemical;Serotonin;SER-2
ADFR;AIYR;2;chemical;Serotonin;MOD-1, SER-2
ADFR;AIZR;37;chemical;Serotonin;MOD-1, SER-2
ADFR;RIAR;61;chemical;Serotonin;SER-1, SER-2
ADFR;RIGR;24;chemical;Serotonin;
ADFR;AVHL;1;chemical;Serotonin;SER-2
ADFR;PVPR;1;chemical;Serotonin;
ADFR;SMBDR;2;chemical;Serotonin;
ASEL;ADFR;1;chemical;Glutamate;MGL-3
ASEL;ASER;2;chemical;Glutamate;MGL-3
ASEL;ASJL;1;chemical;Glutamate;
ASEL;AWBL;1;chemical;Glutamate;
ASEL;AWCL;16;chemical;Glutamate;
ASEL;AWCR;11;chemical;Glutamate;
ASEL;AFDR;3;chemical;Glutamate;
ASEL;IL2R;1;chemical;Glutamate;
ASEL;OLLR;1;chemical;Glutamate;
ASEL;AIAL;6;chemical;Glutamate;GLC-3, GLR-2, MGL-1
ASEL;AIBL;16;chemical;Glutamate;GLR-1, GLR-2, GLR-5, MGL-2
ASEL;AIBR;13;chemical;Glutamate;GLR-1, GLR-2, GLR-5, MGL-2
ASEL;AIYL;32;chemical;Glutamate;GLC-3, MGL-1
ASEL;AIYR;21;chemical;Glutamate;GLC-3, MGL-1
ASEL;AIZL;1;chemical;Glutamate;
ASEL;RIAR;2;chemical;Glutamate;
ASER;ADLL;4;chemical;Glutamate;
ASER;ADLR;1;chemical;Glutamate;
ASER;ASEL;3;chemical;Glutamate;MGL-3
ASER;ASHR;2;chemical;Glutamate;
ASER;ASKL;1;chemical;Glutamate;
ASER;AWAR;1;chemical;Glutamate;
ASER;AWCL;1;chemical;Glutamate;
ASER;AWCR;1;chemical;Glutamate;
ASER;AFDL;2;chemical;Glutamate;
ASER;AFDR;3;chemical;Glutamate;
ASER;AIAL;8;chemical;Glutamate;GLC-3, GLR-2, MGL-1
ASER;AIAR;4;chemical;Glutamate;GLC-3, GLR-2, MGL-1
ASER;AIBL;4;chemical;Glutamate;GLR-1, GLR-2, GLR-5, MGL-2
ASER;AIBR;32;chemical;Glutamate;GLR-1, GLR-2, GLR-5, MGL-2
ASER;AIYL;9;chemical;Glutamate;GLC-3, MGL-1
ASER;AIYR;38;chemical;Glutamate;GLC-3, MGL-1
ASER;AIZL;1;chemical;Glutamate;
ASGL;ASKL;2;chemical;Glutamate, Serotonin;
ASGL;AIAL;46;chemical;Glutamate, Serotonin;GLC-3, GLR-2, MGL-1, MOD-1
ASGL;AIBL;17;chemical;Glutamate, Serotonin;GLR-1, GLR-2, GLR-5, MGL-2, MOD-1, SER-4
ASGR;ASER;3;chemical;Glutamate, Serotonin;MGL-3
ASGR;AIAR;51;chemical;Glutamate, Serotonin;GLC-3, GLR-2, MGL-1, MOD-1
ASGR;AIBR;20;chemical;Glutamate, Serotonin;GLR-1, GLR-2, GLR-5, MGL-2, MOD-1, SER-1, SER-4
ASGR;AIYR;1;chemical;Glutamate, Serotonin;GLC-3, MGL-1, MOD-1, SER-2
ASGR;RIFR;14;chemical;Glutamate, Serotonin;
ASHL;ADFL;6;chemical;Glutamate;MGL-3
ASHL;ADLL;6;chemical;Glutamate;
ASHL;ASKL;1;chemical;Glutamate;
ASHL;URXL;2;chemical;Glutamate;
ASHL;AIAL;24;chemical;Glutamate;GLC-3, GLR-2, MGL-1
ASHL;AIBL;13;chemical;Glutamate;GLR-1, GLR-2, GLR-5, MGL-2
ASHL;AIZL;3;chemical;Glutamate;
ASHL;RIAL;9;chemical;Glutamate;
ASHL;AVFL;2;chemical;Glutamate;
ASHL;AVHR;2;chemical;Glutamate;GLR-4
ASHL;AVAL;15;chemical;Glutamate;GLR-1, GLR-2, GLR-4, GLR-5, NMR-1, NMR-2
ASHL;AVAR;1;chemical;Glutamate;GLR-1, GLR-2, GLR-4, GLR-5, NMR-1, NMR-2
ASHL;AVBL;14;chemical;Glutamate;GLR-1, GLR-5
ASHL;AVDL;7;chemical;Glutamate;GLR-1, GLR-2, GLR-5, NMR-1, NMR-2
ASHL;AVDR;20;chemical;Glutamate;GLR-1, GLR-2, GLR-5, NMR-1, NMR-2
ASHL;RIML;4;chemical;Glutamate;
ASHL;HSNL;2;chemical;Glutamate;GLR-5
ASHR;ADFR;3;chemical;Glutamate;MGL-3
ASHR;ADLR;13;chemical;Glutamate;
ASHR;ASHR;2;chemical;Glutamate;
ASHR;AWAR;1;chemical;Glutamate;
ASHR;AWBL;1;chemical;Glutamate;
ASHR;AIAR;28;chemical;Glutamate;GLC-3, GLR-2, MGL-1
ASHR;AIBR;7;chemical;Glutamate;GLR-1, GLR-2, GLR-5, MGL-2
ASHR;RIAR;3;chemical;Glutamate;
ASHR;RMGR;6;chemical;Glutamate;
ASHR;AVHL;1;chemical;Glutamate;GLR-4
ASHR;PVPR;1;chemical;Glutamate;
ASHR;PVCL;3;chemical;Glutamate;
ASHR;AVAR;10;chemical;Glutamate;GLR-1, GLR-2, GLR-4, GLR-5, NMR-1, NMR-2
ASHR;AVBR;6;chemical;Glutamate;GLR-1, GLR-5
ASHR;AVDL;27;chemical;Glutamate;GLR-1, GLR-2, GLR-5, NMR-1, NMR-2
ASHR;AVDR;2;chemical;Glutamate;GLR-1, GLR-2, GLR-5, NMR-1, NMR-2
ASHR;AVER;7;chemical;Glutamate;GLR-1, GLR-2, GLR-5, NMR-1, NMR-2
ASHR;HSNL;4;chemical;Glutamate;GLR-5
ASHR;HSNR;5;chemical;Glutamate;GLR-5
ASKL;ASER;4;chemical;Glutamate;MGL-3
ASKL;ASJL;1;chemical;Glutamate;
ASKL;AIAL;29;chemical;Glutamate;GLC-3, GLR-2, MGL-1
ASKL;AIBL;9;chemical;Glutamate;GLR-1, GLR-2, GLR-5, MGL-2
ASKL;AIML;5;chemical;Glutamate;
ASKR;ADLR;3;chemical;Glutamate;
ASKR;ASER;1;chemical;Glutamate;MGL-3
ASKR;ASGR;1;chemical;Glutamate;
ASKR;AWAR;2;chemical;Glutamate;
ASKR;CEPVR;2;chemical;Glutamate;
ASKR;AIAL;1;chemical;Glutamate;GLC-3, GLR-2, MGL-1
ASKR;AIAR;35;chemical;Glutamate;GLC-3, GLR-2, MGL-1
ASKR;AIBR;2;chemical;Glutamate;GLR-1, GLR-2, GLR-5, MGL-2
ASKR;AIMR;5;chemical;Glutamate;
ASKR;ALA;1;chemical;Glutamate;
ASKR;RIFR;1;chemical;Glutamate;
ASKR;HSNL;1;chemical;Glutamate;GLR-5
AWCL;ASER;1;chemical;Glutamate;MGL-3
AWCL;ASGR;1;chemical;Glutamate;
AWCL;ASIL;1;chemical;Glutamate;
AWCL;AWCR;11;chemical;Glutamate;
AWCL;AFDL;2;chemical;Glutamate;
AWCL;AIAL;2;chemical;Glutamate;GLC-3, GLR-2, MGL-1
AWCL;AIAR;4;chemical;Glutamate;GLC-3, GLR-2, MGL-1
AWCL;AIBL;12;chemical;Glutamate;GLR-1, GLR-2, GLR-5, MGL-2
AWCL;AIBR;2;chemical;Glutamate;GLR-1, GLR-2, GLR-5, MGL-2
AWCL;AIYL;22;chemical;Glutamate;GLC-3, MGL-1
AWCL;AIZL;1;chemical;Glutamate;
AWCL;RIAL;6;chemical;Glutamate;
AWCL;AVAL;1;chemical;Glutamate;GLR-1, GLR-2, GLR-4, GLR-5, NMR-1, NMR-2
AWCL;SMDVL;1;chemical;Glutamate;
AWCR;ADFR;1;chemical;Glutamate;MGL-3
AWCR;ASEL;8;chemical;Glutamate;MGL-3
AWCR;ASER;5;chemical;Glutamate;MGL-3
AWCR;ASGR;3;chemical;Glutamate;
AWCR;ASHR;1;chemical;Glutamate;
AWCR;ASIL;2;chemical;Glutamate;
AWCR;ASIR;2;chemical;Glutamate;
AWCR;AWCL;17;chemical;Glutamate;
AWCR;IL2L;2;chemical;Glutamate;
AWCR;AIAL;1;chemical;Glutamate;GLC-3, GLR-2, MGL-1
AWCR;AIAR;8;chemical;Glutamate;GLC-3, GLR-2, MGL-1
AWCR;AIBL;3;chemical;Glutamate;GLR-1, GLR-2, GLR-5, MGL-2
AWCR;AIBR;18;chemical;Glutamate;GLR-1, GLR-2, GLR-5, MGL-2
AWCR;AIYL;12;chemical;Glutamate;GLC-3, MGL-1
AWCR;AIYR;22;chemical;Glutamate;GLC-3, MGL-1
AWCR;RIAL;3;chemical;Glutamate;
AWCR;RIVL;3;chemical;Glutamate;
AFDL;ASEL;1;chemical;Glutamate;MGL-3
AFDL;ASER;1;chemical;Glutamate;MGL-3
AFDL;AWBL;4;chemical;Glutamate;
AFDL;AFDL;1;chemical;Glutamate;
AFDL;AIBL;1;chemical;Glutamate;GLR-1, GLR-2, GLR-5, MGL-2
AFDL;AIYL;25;chemical;Glutamate;GLC-3, MGL-1
AFDR;ASEL;1;chemical;Glutamate;MGL-3
AFDR;ASER;4;chemical;Glutamate;MGL-3
AFDR;AFDL;1;chemical;Glutamate;
AFDR;AIYR;29;chemical;Glutamate;GLC-3, MGL-1
IL1DL;IL2DL;1;chemical;Glutamate;
IL1DL;RMDDR;3;chemical;Glutamate;GLR-1
IL1DL;RMDVL;3;chemical;Glutamate;GLR-1
IL1DL;RMEL;1;chemical;Glutamate;AVR-15, GLR-1
IL1DL;SIBDL;3;chemical;Glutamate;
IL1DR;IL1DR;1;chemical;Glutamate;
IL1DR;IL1R;2;chemical;Glutamate;
IL1DR;IL2DR;5;chemical;Glutamate;
IL1DR;OLLR;1;chemical;Glutamate;
IL1DR;URYDR;2;chemical;Glutamate;
IL1DR;PVR;5;chemical;Glutamate;
IL1DR;RMDDL;11;chemical;Glutamate;GLR-1
IL1DR;RMDVR;32;chemical;Glutamate;GLR-1
IL1L;IL2L;1;chemical;Glutamate;
IL1L;OLLL;1;chemical;Glutamate;
IL1L;RMGL;1;chemical;Glutamate;
IL1L;AVER;5;chemical;Glutamate;GLR-1, GLR-2, GLR-5, NMR-1, NMR-2
IL1L;RMDDL;20;chemical;Glutamate;GLR-1
IL1L;RMDL;3;chemical;Glutamate;GLR-1
IL1L;RMDR;9;chemical;Glutamate;GLR-1
IL1L;RMDVL;22;chemical;Glutamate;GLR-1
IL1L;RMDVR;5;chemical;Glutamate;GLR-1
IL1L;RMER;4;chemical;Glutamate;AVR-15, GLR-1
IL1R;OLLR;1;chemical;Glutamate;
IL1R;URXR;1;chemical;Glutamate;
IL1R;AVEL;2;chemical;Glutamate;GLR-1, GLR-2, GLR-5, NMR-1, NMR-2
IL1R;AVER;5;chemical;Glutamate;GLR-1, GLR-2, GLR-5, NMR-1, NMR-2
IL1R;RMDDL;8;chemical;Glutamate;GLR-1
IL1R;RMDDR;12;chemical;Glutamate;GLR-1
IL1R;RMDL;11;chemical;Glutamate;GLR-1
IL1R;RMDR;4;chemical;Glutamate;GLR-1
IL1R;RMDVL;8;chemical;Glutamate;GLR-1
IL1R;RMDVR;17;chemical;Glutamate;GLR-1
IL1R;RMEL;5;chemical;Glutamate;AVR-15, GLR-1
IL1R;RMHL;3;chemical;Glutamate;
IL1VL;IL1L;3;chemical;Glutamate;
IL1VL;IL1VL;5;chemical;Glutamate;
IL1VL;OLQVL;2;chemical;Glutamate;
IL1VL;URYVL;4;chemical;Glutamate;
IL1VL;AVL;1;chemical;Glutamate;
IL1VL;RMDDL;30;chemical;Glutamate;GLR-1
IL1VL;RMDVR;3;chemical;Glutamate;GLR-1
IL1VL;RMHL;1;chemical;Glutamate;
IL1VR;IL1R;4;chemical;Glutamate;
IL1VR;IL2VR;2;chemical;Glutamate;
IL1VR;OLQVR;5;chemical;Glutamate;
IL1VR;OLLR;1;chemical;Glutamate;
IL1VR;RMDDR;40;chemical;Glutamate;GLR-1
IL1VR;RMDVL;5;chemical;Glutamate;GLR-1
IL2DL;IL1DL;17;chemical;Acetylcholine;
IL2DL;IL2DL;2;chemical;Acetylcholine;
IL2DL;OLQDL;2;chemical;Acetylcholine;
IL2DL;AUAL;2;chemical;Acetylcholine;
IL2DL;RIBL;1;chemical;Acetylcholine;
IL2DL;AVBR;2;chemical;Acetylcholine;
IL2DL;RMED;2;chemical;Acetylcholine;
IL2DL;RMEL;11;chemical;Acetylcholine;
IL2DL;RMER;8;chemical;Acetylcholine;
IL2DL;RMEV;1;chemical;Acetylcholine;
IL2DL;RMHL;1;chemical;Acetylcholine;
IL2DR;IL1DR;28;chemical;Acetylcholine;
IL2DR;OLQDR;2;chemical;Acetylcholine;
IL2DR;CEPDR;2;chemical;Acetylcholine;
IL2DR;RICL;1;chemical;Acetylcholine;
IL2DR;RICR;2;chemical;Acetylcholine;
IL2DR;RMED;3;chemical;Acetylcholine;
IL2DR;RMEL;12;chemical;Acetylcholine;
IL2DR;RMER;11;chemical;Acetylcholine;
IL2DR;RMEV;5;chemical;Acetylcholine;
IL2L;IL1L;6;chemical;Acetylcholine;
IL2L;OLQDL;20;chemical;Acetylcholine;
IL2L;OLQVL;19;chemical;Acetylcholine;
IL2L;URXL;3;chemical;Acetylcholine;
IL2L;ADEL;6;chemical;Acetylcholine;ACR-16
IL2L;RICL;1;chemical;Acetylcholine;
IL2L;AVEL;2;chemical;Acetylcholine;
IL2L;RMDL;5;chemical;Acetylcholine;
IL2L;RMDR;3;chemical;Acetylcholine;
IL2L;RMER;10;chemical;Acetylcholine;
IL2L;RMEV;5;chemical;Acetylcholine;
IL2R;IL1R;2;chemical;Acetylcholine;
IL2R;OLQDR;10;chemical;Acetylcholine;
IL2R;OLQVR;26;chemical;Acetylcholine;
IL2R;OLLR;5;chemical;Acetylcholine;
IL2R;URXR;1;chemical;Acetylcholine;
IL2R;ADER;5;chemical;Acetylcholine;ACR-16
IL2R;RMGR;1;chemical;Acetylcholine;
IL2R;AVER;2;chemical;Acetylcholine;
IL2R;RMDL;3;chemical;Acetylcholine;
IL2R;RMEL;5;chemical;Acetylcholine;
IL2R;RMEV;2;chemical;Acetylcholine;
IL2VL;IL1VL;27;chemical;Acetylcholine;
IL2VL;IL2L;1;chemical;Acetylcholine;
IL2VL;OLQVL;6;chemical;Acetylcholine;
IL2VL;BAGR;1;chemical;Acetylcholine;
IL2VL;RIAL;4;chemical;Acetylcholine;
IL2VL;DVC;1;chemical;Acetylcholine;
IL2VL;RMEL;7;chemical;Acetylcholine;
IL2VL;RMER;6;chemical;Acetylcholine;
IL2VL;RMEV;2;chemical;Acetylcholine;
IL2VR;ADLR;1;chemical;Acetylcholine;
IL2VR;IL1VR;29;chemical;Acetylcholine;
IL2VR;OLQVR;9;chemical;Acetylcholine;
IL2VR;URXR;1;chemical;Acetylcholine;
IL2VR;RIAR;2;chemical;Acetylcholine;
IL2VR;AVAL;1;chemical;Acetylcholine;
IL2VR;RMED;2;chemical;Acetylcholine;
IL2VR;RMEL;8;chemical;Acetylcholine;
IL2VR;RMER;17;chemical;Acetylcholine;
IL2VR;RMEV;15;chemical;Acetylcholine;
IL2VR;SIADR;1;chemical;Acetylcholine;
OLQDL;CEPDL;3;chemical;Glutamate;
OLQDL;URYDL;3;chemical;Glutamate;
OLQDL;RICR;6;chemical;Glutamate;
OLQDL;RMDDL;1;chemical;Glutamate;GLR-1
OLQDL;RMDDR;10;chemical;Glutamate;GLR-1
OLQDL;RMED;1;chemical;Glutamate;AVR-15, GLR-1
OLQDL;RMEL;2;chemical;Glutamate;AVR-15, GLR-1
OLQDL;RMHL;1;chemical;Glutamate;
OLQDL;SIBDL;9;chemical;Glutamate;
OLQDR;IL1DR;1;chemical;Glutamate;
OLQDR;RICL;2;chemical;Glutamate;
OLQDR;RICR;2;chemical;Glutamate;
OLQDR;RMDDL;11;chemical;Glutamate;GLR-1
OLQDR;RMER;1;chemical;Glutamate;AVR-15, GLR-1
OLQDR;RMHR;3;chemical;Glutamate;
OLQDR;SIBDR;6;chemical;Glutamate;
OLQVL;IL2L;1;chemical;Glutamate;
OLQVL;RICL;4;chemical;Glutamate;
OLQVL;AVAL;1;chemical;Glutamate;GLR-1, GLR-2, GLR-4, GLR-5, NMR-1, NMR-2
OLQVL;AVDR;1;chemical;Glutamate;GLR-1, GLR-2, GLR-5, NMR-1, NMR-2
OLQVL;RMDVR;14;chemical;Glutamate;GLR-1
OLQVL;RMHL;2;chemical;Glutamate;
OLQVL;SIBVL;13;chemical;Glutamate;
OLQVR;IL1VR;2;chemical;Glutamate;
OLQVR;RIAR;10;chemical;Glutamate;
OLQVR;RICR;3;chemical;Glutamate;
OLQVR;RMDVL;18;chemical;Glutamate;GLR-1
OLQVR;RMER;2;chemical;Glutamate;AVR-15, GLR-1
OLQVR;RMHR;1;chemical;Glutamate;
OLQVR;SIBVR;18;chemical;Glutamate;
OLLL;IL1VL;3;chemical;Glutamate;
OLLL;OLLL;4;chemical;Glutamate;
OLLL;CEPDL;5;chemical;Glutamate;
OLLL;CEPVL;14;chemical;Glutamate;
OLLL;URYDL;2;chemical;Glutamate;
OLLL;URYVL;1;chemical;Glutamate;
OLLL;RIBL;24;chemical;Glutamate;
OLLL;AVER;53;chemical;Glutamate;GLR-1, GLR-2, GLR-5, NMR-1, NMR-2
OLLL;RMDDL;22;chemical;Glutamate;GLR-1
OLLL;RMDL;6;chemical;Glutamate;GLR-1
OLLL;RMDVL;3;chemical;Glutamate;GLR-1
OLLL;RMEL;5;chemical;Glutamate;AVR-15, GLR-1
OLLL;SMDDL;8;chemical;Glutamate;
OLLL;SMDDR;9;chemical;Glutamate;
OLLL;SMDVR;10;chemical;Glutamate;
OLLR;IL1DR;1;chemical;Glutamate;
OLLR;IL1VR;2;chemical;Glutamate;
OLLR;IL2R;1;chemical;Glutamate;
OLLR;OLQDR;1;chemical;Glutamate;
OLLR;OLLR;4;chemical;Glutamate;
OLLR;CEPDR;4;chemical;Glutamate;
OLLR;CEPVR;16;chemical;Glutamate;
OLLR;URYVL;3;chemical;Glutamate;
OLLR;ADER;2;chemical;Glutamate;
OLLR;RIBR;21;chemical;Glutamate;
OLLR;RIS;2;chemical;Glutamate;GLR-1
OLLR;AVEL;39;chemical;Glutamate;GLR-1, GLR-2, GLR-5, NMR-1, NMR-2
OLLR;RMDDR;26;chemical;Glutamate;GLR-1
OLLR;RMDL;9;chemical;Glutamate;GLR-1
OLLR;RMDR;2;chemical;Glutamate;GLR-1
OLLR;RMDVR;6;chemical;Glutamate;GLR-1
OLLR;RMED;1;chemical;Glutamate;AVR-15, GLR-1
OLLR;RMER;3;chemical;Glutamate;AVR-15, GLR-1
OLLR;SMDDL;3;chemical;Glutamate;
OLLR;SMDDR;1;chemical;Glutamate;
OLLR;SMDVL;11;chemical;Glutamate;
OLLR;SMDVR;4;chemical;Glutamate;
CEPDL;AFDL;2;chemical;Dopamine;
CEPDL;IL1DL;18;chemical;Dopamine;
CEPDL;IL2DL;1;chemical;Dopamine;
CEPDL;OLQDL;27;chemical;Dopamine;
CEPDL;OLLL;8;chemical;Dopamine;
CEPDL;CEPDR;1;chemical;Dopamine;DOP-2
CEPDL;ALML;2;chemical;Dopamine;DOP-1
CEPDL;URYDL;7;chemical;Dopamine;
CEPDL;RIBL;3;chemical;Dopamine;DOP-1
CEPDL;RICL;11;chemical;Dopamine;DOP-3
CEPDL;RICR;8;chemical;Dopamine;DOP-3
CEPDL;RIS;3;chemical;Dopamine;DOP-1
CEPDL;RMGL;6;chemical;Dopamine;
CEPDL;AVER;13;chemical;Dopamine;
CEPDL;RMDVL;13;chemical;Dopamine;
CEPDL;RMHL;1;chemical;Dopamine;
CEPDL;RMHR;8;chemical;Dopamine;
CEPDL;SIADR;4;chemical;Dopamine;DOP-2, DOP-3
CEPDL;SIBDL;2;chemical;Dopamine;DOP-2
CEPDL;SIBVR;2;chemical;Dopamine;DOP-2
CEPDL;SMBDR;5;chemical;Dopamine;
CEPDR;IL1DR;15;chemical;Dopamine;
CEPDR;IL1R;1;chemical;Dopamine;
CEPDR;OLQDR;20;chemical;Dopamine;
CEPDR;OLLR;13;chemical;Dopamine;
CEPDR;CEPDR;6;chemical;Dopamine;DOP-2
CEPDR;BDUR;5;chemical;Dopamine;
CEPDR;URXR;2;chemical;Dopamine;
CEPDR;URYDR;3;chemical;Dopamine;
CEPDR;RICL;13;chemical;Dopamine;DOP-3
CEPDR;RICR;19;chemical;Dopamine;DOP-3
CEPDR;RIFR;2;chemical;Dopamine;
CEPDR;RMGR;1;chemical;Dopamine;
CEPDR;AVEL;9;chemical;Dopamine;
CEPDR;RMDR;1;chemical;Dopamine;
CEPDR;RMDVR;3;chemical;Dopamine;
CEPDR;RMHL;7;chemical;Dopamine;
CEPDR;RMHR;1;chemical;Dopamine;
CEPDR;SIBDR;1;chemical;Dopamine;DOP-2
CEPDR;SMBDL;1;chemical;Dopamine;
CEPVL;IL1VL;9;chemical;Dopamine;
CEPVL;OLQVL;19;chemical;Dopamine;
CEPVL;OLLL;4;chemical;Dopamine;
CEPVL;URXL;2;chemical;Dopamine;
CEPVL;URYVL;5;chemical;Dopamine;
CEPVL;RIAL;1;chemical;Dopamine;DOP-2
CEPVL;RIBL;3;chemical;Dopamine;DOP-1
CEPVL;RICL;20;chemical;Dopamine;DOP-3
CEPVL;RICR;17;chemical;Dopamine;DOP-3
CEPVL;RMGL;2;chemical;Dopamine;
CEPVL;PVR;3;chemical;Dopamine;
CEPVL;AVER;5;chemical;Dopamine;
CEPVL;RMDDL;7;chemical;Dopamine;
CEPVL;RMDVR;8;chemical;Dopamine;
CEPVL;RMHL;10;chemical;Dopamine;
CEPVL;RMHR;5;chemical;Dopamine;
CEPVL;SIAVL;6;chemical;Dopamine;DOP-2, DOP-3
CEPVL;SMDVR;1;chemical;Dopamine;
CEPVR;ADLR;3;chemical;Dopamine;
CEPVR;ASGR;2;chemical;Dopamine;DOP-4
CEPVR;IL1VR;8;chemical;Dopamine;
CEPVR;IL2VR;3;chemical;Dopamine;
CEPVR;OLQVR;11;chemical;Dopamine;
CEPVR;OLLR;14;chemical;Dopamine;
CEPVR;CEPDR;1;chemical;Dopamine;DOP-2
CEPVR;URYVR;2;chemical;Dopamine;
CEPVR;RIAL;1;chemical;Dopamine;DOP-2
CEPVR;RIAR;1;chemical;Dopamine;DOP-2
CEPVR;RICL;13;chemical;Dopamine;DOP-3
CEPVR;RICR;12;chemical;Dopamine;DOP-3
CEPVR;AVEL;13;chemical;Dopamine;
CEPVR;RMDDR;4;chemical;Dopamine;
CEPVR;RMHR;15;chemical;Dopamine;
CEPVR;RIVL;2;chemical;Dopamine;
CEPVR;SIAVR;7;chemical;Dopamine;DOP-2, DOP-3
CEPVR;SMDDR;2;chemical;Dopamine;
ALML;CEPDL;2;chemical;Glutamate;
ALML;CEPVL;3;chemical;Glutamate;
ALML;ALML;1;chemical;Glutamate;GLR-8
ALML;BDUL;15;chemical;Glutamate;GLR-8
ALML;SDQL;2;chemical;Glutamate;
ALML;AIML;1;chemical;Glutamate;
ALML;RICL;2;chemical;Glutamate;
ALML;RICR;3;chemical;Glutamate;
ALML;RIFL;2;chemical;Glutamate;
ALML;RMGL;3;chemical;Glutamate;
ALML;PVCL;11;chemical;Glutamate;
ALML;PVCR;4;chemical;Glutamate;
ALML;AVDR;3;chemical;Glutamate;GLR-1, GLR-2, GLR-5, NMR-1, NMR-2
ALML;AVEL;3;chemical;Glutamate;GLR-1, GLR-2, GLR-5, NMR-1, NMR-2
ALML;RMDDR;1;chemical;Glutamate;GLR-1
ALML;SMBDR;2;chemical;Glutamate;
ALMR;CEPDR;1;chemical;Glutamate;
ALMR;CEPVR;3;chemical;Glutamate;
ALMR;BDUR;14;chemical;Glutamate;GLR-8
ALMR;PVCR;10;chemical;Glutamate;
ALMR;RMDDL;1;chemical;Glutamate;GLR-1
ALMR;SIADL;1;chemical;Glutamate;
ALMR;SMDDL;1;chemical;Glutamate;
AVM;BDUL;3;chemical;Glutamate;GLR-8
AVM;BDUR;5;chemical;Glutamate;GLR-8
AVM;ADER;4;chemical;Glutamate;
AVM;AVHL;3;chemical;Glutamate;GLR-4
AVM;AVJR;1;chemical;Glutamate;GLR-1
AVM;AVKL;1;chemical;Glutamate;GLR-5
AVM;PVR;6;chemical;Glutamate;
AVM;RID;2;chemical;Glutamate;
AVM;PVCL;10;chemical;Glutamate;
AVM;PVCR;17;chemical;Glutamate;
AVM;AVBL;13;chemical;Glutamate;GLR-1, GLR-5
AVM;AVBR;9;chemical;Glutamate;GLR-1, GLR-5
AVM;AVDL;1;chemical;Glutamate;GLR-1, GLR-2, GLR-5, NMR-1, NMR-2
AVM;AVDR;1;chemical;Glutamate;GLR-1, GLR-2, GLR-5, NMR-1, NMR-2
AVM;SIBVL;4;chemical;Glutamate;
ALNL;RIAL;1;chemical;Acetylcholine;
ALNL;RMGL;1;chemical;Acetylcholine;
ALNL;RMDDR;1;chemical;Acetylcholine;
ALNL;RMHL;1;chemical;Acetylcholine;
ALNL;SIADR;1;chemical;Acetylcholine;
ALNL;SMBDR;7;chemical;Acetylcholine;
ALNL;SMDVL;1;chemical;Acetylcholine;
ALNR;IL2DR;7;chemical;Acetylcholine;
ALNR;ADER;1;chemical;Acetylcholine;ACR-16
ALNR;AVAL;6;chemical;Acetylcholine;
ALNR;RIML;5;chemical;Acetylcholine;
ALNR;SMBDL;4;chemical;Acetylcholine;
ALNR;SMDDR;1;chemical;Acetylcholine;
ALNR;SMDVL;2;chemical;Acetylcholine;
PLNL;RMDVL;1;chemical;Acetylcholine;
PLNL;SAADR;8;chemical;Acetylcholine;
PLNL;SIAVL;10;chemical;Acetylcholine;
PLNL;SMDVR;2;chemical;Acetylcholine;
PLNR;SAADL;5;chemical;Acetylcholine;
PLNR;SIAVR;10;chemical;Acetylcholine;
PLNR;SMDVL;2;chemical;Acetylcholine;
FLPL;FLPR;2;chemical;Glutamate;GLR-4
FLPL;ADEL;22;chemical;Glutamate;
FLPL;ADER;3;chemical;Glutamate;
FLPL;AIBL;3;chemical;Glutamate;GLR-1, GLR-2, GLR-5, MGL-2
FLPL;AIBR;3;chemical;Glutamate;GLR-1, GLR-2, GLR-5, MGL-2
FLPL;RIS;1;chemical;Glutamate;GLR-1
FLPL;DVA;1;chemical;Glutamate;GLR-4, GLR-5, NMR-1
FLPL;PVCR;6;chemical;Glutamate;
FLPL;AVAL;33;chemical;Glutamate;GLR-1, GLR-2, GLR-4, GLR-5, NMR-1, NMR-2
FLPL;AVAR;48;chemical;Glutamate;GLR-1, GLR-2, GLR-4, GLR-5, NMR-1, NMR-2
FLPL;AVBL;22;chemical;Glutamate;GLR-1, GLR-5
FLPL;AVBR;22;chemical;Glutamate;GLR-1, GLR-5
FLPL;AVDL;30;chemical;Glutamate;GLR-1, GLR-2, GLR-5, NMR-1, NMR-2
FLPL;AVDR;34;chemical;Glutamate;GLR-1, GLR-2, GLR-5, NMR-1, NMR-2
FLPR;FLPL;14;chemical;Glutamate;GLR-4
FLPR;ADER;6;chemical;Glutamate;
FLPR;AVJL;2;chemical;Glutamate;GLR-1
FLPR;AVJR;2;chemical;Glutamate;GLR-1
FLPR;DVA;6;chemical;Glutamate;GLR-4, GLR-5, NMR-1
FLPR;PVCL;2;chemical;Glutamate;
FLPR;AVAL;23;chemical;Glutamate;GLR-1, GLR-2, GLR-4, GLR-5, NMR-1, NMR-2
FLPR;AVAR;10;chemical;Glutamate;GLR-1, GLR-2, GLR-4, GLR-5, NMR-1, NMR-2
FLPR;AVBL;30;chemical;Glutamate;GLR-1, GLR-5
FLPR;AVBR;11;chemical;Glutamate;GLR-1, GLR-5
FLPR;AVDL;25;chemical;Glutamate;GLR-1, GLR-2, GLR-5, NMR-1, NMR-2
FLPR;AVDR;8;chemical;Glutamate;GLR-1, GLR-2, GLR-5, NMR-1, NMR-2
FLPR;AVEL;21;chemical;Glutamate;GLR-1, GLR-2, GLR-5, NMR-1, NMR-2
FLPR;AVER;7;chemical;Glutamate;GLR-1, GLR-2, GLR-5, NMR-1, NMR-2
SDQL;ALML;1;chemical;Acetylcholine;
SDQL;FLPL;2;chemical;Acetylcholine;
SDQL;AIBR;2;chemical;Acetylcholine;
SDQL;RICR;3;chemical;Acetylcholine;
SDQL;RMFL;3;chemical;Acetylcholine;
SDQL;RIS;8;chemical;Acetylcholine;
SDQL;DVA;1;chemical;Acetylcholine;
SDQL;PVCL;1;chemical;Acetylcholine;
SDQL;AVAL;6;chemical;Acetylcholine;
SDQL;AVAR;8;chemical;Acetylcholine;
SDQL;AVBL;1;chemical;Acetylcholine;
SDQL;AVBR;2;chemical;Acetylcholine;
SDQL;AVDL;3;chemical;Acetylcholine;
SDQL;AVEL;1;chemical;Acetylcholine;
SDQL;SAADR;2;chemical;Acetylcholine;
SDQL;SIADR;2;chemical;Acetylcholine;
SDQL;SIBVL;1;chemical;Acetylcholine;
SDQL;SMBDR;11;chemical;Acetylcholine;
SDQR;ADLL;1;chemical;Acetylcholine;
SDQR;ALML;1;chemical;Acetylcholine;
SDQR;SDQL;4;chemical;Acetylcholine;
SDQR;AIBL;8;chemical;Acetylcholine;
SDQR;RICR;3;chemical;Acetylcholine;
SDQR;DVA;10;chemical;Acetylcholine;
SDQR;AVAL;8;chemical;Acetylcholine;
SDQR;AVBL;23;chemical;Acetylcholine;
SDQR;AVBR;19;chemical;Acetylcholine;
SDQR;RMHL;15;chemical;Acetylcholine;
SDQR;RMHR;7;chemical;Acetylcholine;
SDQR;SIADL;2;chemical;Acetylcholine;
SDQR;SIBDR;1;chemical;Acetylcholine;
PVDL;PVDR;10;chemical;Glutamate;GLR-4
PVDL;AVFL;1;chemical;Glutamate;
PVDL;AVG;8;chemical;Glutamate;GLR-1, GLR-2, NMR-1, NMR-2
PVDL;PVPL;1;chemical;Glutamate;
PVDL;PVCL;13;chemical;Glutamate;
PVDL;PVCR;36;chemical;Glutamate;
PVDL;AVAL;13;chemical;Glutamate;GLR-1, GLR-2, GLR-4, GLR-5, NMR-1, NMR-2
PVDL;AVAR;29;chemical;Glutamate;GLR-1, GLR-2, GLR-4, GLR-5, NMR-1, NMR-2
PVDL;AVDL;1;chemical;Glutamate;GLR-1, GLR-2, GLR-5, NMR-1, NMR-2
PVDL;AVDR;1;chemical;Glutamate;GLR-1, GLR-2, GLR-5, NMR-1, NMR-2
PVDL;VD10;3;chemical;Glutamate;
PVDR;PVDL;2;chemical;Glutamate;GLR-4
PVDR;DVA;5;chemical;Glutamate;GLR-4, GLR-5, NMR-1
PVDR;PVCL;29;chemical;Glutamate;
PVDR;PVCR;29;chemical;Glutamate;
PVDR;AVAL;9;chemical;Glutamate;GLR-1, GLR-2, GLR-4, GLR-5, NMR-1, NMR-2
PVDR;AVAR;30;chemical;Glutamate;GLR-1, GLR-2, GLR-4, GLR-5, NMR-1, NMR-2
PVDR;AVDL;1;chemical;Glutamate;GLR-1, GLR-2, GLR-5, NMR-1, NMR-2
PVDR;VA12;3;chemical;Glutamate;
BAGL;ADFR;1;chemical;Glutamate;MGL-3
BAGL;CEPVR;2;chemical;Glutamate;
BAGL;BAGR;1;chemical;Glutamate;
BAGL;URXR;1;chemical;Glutamate;
BAGL;AUAR;2;chemical;Glutamate;GLR-4
BAGL;AIBL;2;chemical;Glutamate;GLR-1, GLR-2, GLR-5, MGL-2
BAGL;AIZR;2;chemical;Glutamate;
BAGL;RIAR;18;chemical;Glutamate;
BAGL;RIBR;19;chemical;Glutamate;
BAGL;RIGL;3;chemical;Glutamate;
BAGL;RIGR;7;chemical;Glutamate;
BAGL;RID;3;chemical;Glutamate;
BAGL;AVAR;3;chemical;Glutamate;GLR-1, GLR-2, GLR-4, GLR-5, NMR-1, NMR-2
BAGL;AVEL;2;chemical;Glutamate;GLR-1, GLR-2, GLR-5, NMR-1, NMR-2
BAGL;AVER;7;chemical;Glutamate;GLR-1, GLR-2, GLR-5, NMR-1, NMR-2
BAGL;RIVR;2;chemical;Glutamate;
BAGR;OLQVL;2;chemical;Glutamate;
BAGR;BAGL;3;chemical;Glutamate;
BAGR;AQR;3;chemical;Glutamate;
BAGR;AIYL;3;chemical;Glutamate;GLC-3, MGL-1
BAGR;RIAL;18;chemical;Glutamate;
BAGR;RIBL;22;chemical;Glutamate;
BAGR;RIBR;1;chemical;Glutamate;
BAGR;RIGL;10;chemical;Glutamate;
BAGR;AVAL;4;chemical;Glutamate;GLR-1, GLR-2, GLR-4, GLR-5, NMR-1, NMR-2
BAGR;AVEL;8;chemical;Glutamate;GLR-1, GLR-2, GLR-5, NMR-1, NMR-2
BAGR;SMDVL;1;chemical;Glutamate;
URYDL;IL1DL;3;chemical;Glutamate;
URYDL;OLQDL;2;chemical;Glutamate;
URYDL;OLLL;3;chemical;Glutamate;
URYDL;AIZL;1;chemical;Glutamate;
URYDL;RIBL;8;chemical;Glutamate;
URYDL;AVEL;1;chemical;Glutamate;GLR-1, GLR-2, GLR-5, NMR-1, NMR-2
URYDL;AVER;9;chemical;Glutamate;GLR-1, GLR-2, GLR-5, NMR-1, NMR-2
URYDL;RMDDR;15;chemical;Glutamate;GLR-1
URYDL;RMDVL;18;chemical;Glutamate;GLR-1
URYDL;SMDDL;2;chemical;Glutamate;
URYDL;SMDDR;3;chemical;Glutamate;
URYDR;AWCL;1;chemical;Glutamate;
URYDR;IL1DR;5;chemical;Glutamate;
URYDR;OLQDR;1;chemical;Glutamate;
URYDR;CEPDR;3;chemical;Glutamate;
URYDR;URXR;1;chemical;Glutamate;
URYDR;RIBR;1;chemical;Glutamate;
URYDR;AVBL;1;chemical;Glutamate;GLR-1, GLR-5
URYDR;AVEL;5;chemical;Glutamate;GLR-1, GLR-2, GLR-5, NMR-1, NMR-2
URYDR;AVER;2;chemical;Glutamate;GLR-1, GLR-2, GLR-5, NMR-1, NMR-2
URYDR;RMDDL;9;chemical;Glutamate;GLR-1
URYDR;RMDVR;12;chemical;Glutamate;GLR-1
URYDR;RMED;7;chemical;Glutamate;AVR-15, GLR-1
URYDR;SMDDL;11;chemical;Glutamate;
URYDR;SMDVR;3;chemical;Glutamate;
URYVL;IL1VL;1;chemical;Glutamate;
URYVL;OLQVL;9;chemical;Glutamate;
URYVL;OLLL;9;chemical;Glutamate;
URYVL;OLLR;5;chemical;Glutamate;
URYVL;CEPVL;3;chemical;Glutamate;
URYVL;URXL;2;chemical;Glutamate;
URYVL;RIAL;2;chemical;Glutamate;
URYVL;RIBL;9;chemical;Glutamate;
URYVL;RIBR;3;chemical;Glutamate;
URYVL;RIS;1;chemical;Glutamate;GLR-1
URYVL;AVJR;1;chemical;Glutamate;GLR-1
URYVL;RID;4;chemical;Glutamate;
URYVL;AVBR;1;chemical;Glutamate;GLR-1, GLR-5
URYVL;AVDR;2;chemical;Glutamate;GLR-1, GLR-2, GLR-5, NMR-1, NMR-2
URYVL;AVEL;8;chemical;Glutamate;GLR-1, GLR-2, GLR-5, NMR-1, NMR-2
URYVL;AVER;23;chemical;Glutamate;GLR-1, GLR-2, GLR-5, NMR-1, NMR-2
URYVL;RMDDL;23;chemical;Glutamate;GLR-1
URYVL;RMDVR;17;chemical;Glutamate;GLR-1
URYVL;SIBVL;1;chemical;Glutamate;
URYVL;SIBVR;4;chemical;Glutamate;
URYVL;SMDVR;13;chemical;Glutamate;
URYVR;IL1VR;3;chemical;Glutamate;
URYVR;CEPVR;1;chemical;Glutamate;
URYVR;RIAR;2;chemical;Glutamate;
URYVR;RIBR;19;chemical;Glutamate;
URYVR;AVL;5;chemical;Glutamate;
URYVR;AVAL;2;chemical;Glutamate;GLR-1, GLR-2, GLR-4, GLR-5, NMR-1, NMR-2
URYVR;AVBL;5;chemical;Glutamate;GLR-1, GLR-5
URYVR;AVEL;26;chemical;Glutamate;GLR-1, GLR-2, GLR-5, NMR-1, NMR-2
URYVR;RMDDR;32;chemical;Glutamate;GLR-1
URYVR;RMDL;2;chemical;Glutamate;GLR-1
URYVR;RMDVL;19;chemical;Glutamate;GLR-1
URYVR;SIBVL;5;chemical;Glutamate;
URYVR;SIBVR;4;chemical;Glutamate;
URYVR;SMBDR;1;chemical;Glutamate;
URYVR;SMDVL;11;chemical;Glutamate;
AQR;BAGL;8;chemical;Glutamate;
AQR;BAGR;5;chemical;Glutamate;
AQR;URXL;5;chemical;Glutamate;
AQR;RIAL;8;chemical;Glutamate;
AQR;RIAR;4;chemical;Glutamate;
AQR;RIGL;1;chemical;Glutamate;
AQR;AVJL;3;chemical;Glutamate;GLR-1
AQR;DVA;6;chemical;Glutamate;GLR-4, GLR-5, NMR-1
AQR;PVPL;3;chemical;Glutamate;
AQR;PVPR;1;chemical;Glutamate;
AQR;PVCL;1;chemical;Glutamate;
AQR;PVCR;4;chemical;Glutamate;
AQR;AVAL;4;chemical;Glutamate;GLR-1, GLR-2, GLR-4, GLR-5, NMR-1, NMR-2
AQR;AVAR;6;chemical;Glutamate;GLR-1, GLR-2, GLR-4, GLR-5, NMR-1, NMR-2
AQR;AVBL;7;chemical;Glutamate;GLR-1, GLR-5
AQR;AVBR;12;chemical;Glutamate;GLR-1, GLR-5
AQR;AVDL;3;chemical;Glutamate;GLR-1, GLR-2, GLR-5, NMR-1, NMR-2
AQR;AVDR;2;chemical;Glutamate;GLR-1, GLR-2, GLR-5, NMR-1, NMR-2
PQR;PHBL;2;chemical;Glutamate;
PQR;AVG;1;chemical;Glutamate;GLR-1, GLR-2, NMR-1, NMR-2
PQR;AVHL;1;chemical;Glutamate;GLR-4
PQR;AVJR;1;chemical;Glutamate;GLR-1
PQR;PVPR;1;chemical;Glutamate;
PQR;PVCL;1;chemical;Glutamate;
PQR;PVCR;1;chemical;Glutamate;
PQR;AVAL;23;chemical;Glutamate;GLR-1, GLR-2, GLR-4, GLR-5, NMR-1, NMR-2
PQR;AVAR;26;chemical;Glutamate;GLR-1, GLR-2, GLR-4, GLR-5, NMR-1, NMR-2
PQR;AVDL;15;chemical;Glutamate;GLR-1, GLR-2, GLR-5, NMR-1, NMR-2
PQR;AVDR;20;chemical;Glutamate;GLR-1, GLR-2, GLR-5, NMR-1, NMR-2
PQR;LUAR;3;chemical;Glutamate;GLR-5
AUAL;ADFL;1;chemical;Glutamate;MGL-3
AUAL;BAGR;3;chemical;Glutamate;
AUAL;URXL;1;chemical;Glutamate;
AUAL;AIBR;1;chemical;Glutamate;GLR-1, GLR-2, GLR-5, MGL-2
AUAL;AIYL;1;chemical;Glutamate;GLC-3, MGL-1
AUAL;AIZL;2;chemical;Glutamate;
AUAL;RIAL;21;chemical;Glutamate;
AUAL;RIBL;35;chemical;Glutamate;
AUAL;DVA;2;chemical;Glutamate;GLR-4, GLR-5, NMR-1
AUAL;AVAL;11;chemical;Glutamate;GLR-1, GLR-2, GLR-4, GLR-5, NMR-1, NMR-2
AUAL;AVDR;2;chemical;Glutamate;GLR-1, GLR-2, GLR-5, NMR-1, NMR-2
AUAL;AVEL;9;chemical;Glutamate;GLR-1, GLR-2, GLR-5, NMR-1, NMR-2
AUAR;BAGL;1;chemical;Glutamate;
AUAR;URXR;5;chemical;Glutamate;
AUAR;AIYR;1;chemical;Glutamate;GLC-3, MGL-1
AUAR;AIZR;2;chemical;Glutamate;
AUAR;RIAR;22;chemical;Glutamate;
AUAR;RIBR;31;chemical;Glutamate;
AUAR;AVAR;3;chemical;Glutamate;GLR-1, GLR-2, GLR-4, GLR-5, NMR-1, NMR-2
AUAR;AVER;13;chemical;Glutamate;GLR-1, GLR-2, GLR-5, NMR-1, NMR-2
ADEL;IL1L;3;chemical;Dopamine;
ADEL;IL2L;5;chemical;Dopamine;
ADEL;OLLL;6;chemical;Dopamine;
ADEL;CEPDL;1;chemical;Dopamine;DOP-2
ADEL;ALML;1;chemical;Dopamine;DOP-1
ADEL;FLPL;4;chemical;Dopamine;
ADEL;BDUL;1;chemical;Dopamine;
ADEL;ADER;5;chemical;Dopamine;DOP-2
ADEL;RIAL;2;chemical;Dopamine;DOP-2
ADEL;RIFL;1;chemical;Dopamine;
ADEL;RIGL;18;chemical;Dopamine;
ADEL;RIGR;15;chemical;Dopamine;
ADEL;RMGL;7;chemical;Dopamine;
ADEL;AVHL;2;chemical;Dopamine;
ADEL;AVL;1;chemical;Dopamine;DOP-4
ADEL;AVAL;7;chemical;Dopamine;
ADEL;AVAR;9;chemical;Dopamine;
ADEL;AVDL;2;chemical;Dopamine;
ADEL;AVEL;3;chemical;Dopamine;
ADEL;RMDL;11;chemical;Dopamine;
ADEL;RMER;1;chemical;Dopamine;
ADEL;RMHL;1;chemical;Dopamine;
ADEL;RMHR;2;chemical;Dopamine;
ADEL;RIVL;2;chemical;Dopamine;
ADEL;RIVR;2;chemical;Dopamine;
ADEL;SAADR;1;chemical;Dopamine;
ADEL;SIADR;2;chemical;Dopamine;DOP-2, DOP-3
ADEL;SIBVR;2;chemical;Dopamine;DOP-2
ADEL;SMBDR;1;chemical;Dopamine;
ADER;ASIR;1;chemical;Dopamine;
ADER;IL1R;1;chemical;Dopamine;
ADER;IL2R;1;chemical;Dopamine;
ADER;OLLR;3;chemical;Dopamine;
ADER;CEPDR;5;chemical;Dopamine;DOP-2
ADER;CEPVR;1;chemical;Dopamine;DOP-2
ADER;ALNR;1;chemical;Dopamine;DOP-1
ADER;FLPL;1;chemical;Dopamine;
ADER;FLPR;4;chemical;Dopamine;
ADER;URXR;2;chemical;Dopamine;
ADER;ADEL;3;chemical;Dopamine;DOP-2
ADER;RIAR;1;chemical;Dopamine;DOP-2
ADER;RIGL;12;chemical;Dopamine;
ADER;RIGR;11;chemical;Dopamine;
ADER;RMGR;5;chemical;Dopamine;
ADER;AVJR;1;chemical;Dopamine;
ADER;AVAL;9;chemical;Dopamine;
ADER;AVAR;4;chemical;Dopamine;
ADER;AVDR;5;chemical;Dopamine;
ADER;AVER;4;chemical;Dopamine;
ADER;RMDL;1;chemical;Dopamine;
ADER;RMDR;6;chemical;Dopamine;
ADER;SMDVR;1;chemical;Dopamine;
PDEL;DVA;1;chemical;Dopamine;
PDER;PDEL;5;chemical;Dopamine;DOP-2
PDER;DVA;7;chemical;Dopamine;
PDER;PVR;2;chemical;Dopamine;
PHAL;PHAR;13;chemical;Glutamate;
PHAL;PHBL;7;chemical;Glutamate;
PHAL;PHBR;10;chemical;Glutamate;
PHAL;AVFL;4;chemical;Glutamate;
PHAL;AVG;11;chemical;Glutamate;GLR-1, GLR-2, NMR-1, NMR-2
PHAL;AVHL;4;chemical;Glutamate;GLR-4
PHAL;AVHR;1;chemical;Glutamate;GLR-4
PHAL;DVA;2;chemical;Glutamate;GLR-4, GLR-5, NMR-1
PHAL;PVQL;3;chemical;Glutamate;GLR-1, GLR-5
PHAL;AVDR;2;chemical;Glutamate;GLR-1, GLR-2, GLR-5, NMR-1, NMR-2
PHAR;PHAL;11;chemical;Glutamate;
PHAR;PHBL;3;chemical;Glutamate;
PHAR;PHBR;8;chemical;Glutamate;
PHAR;AVG;9;chemical;Glutamate;GLR-1, GLR-2, NMR-1, NMR-2
PHAR;AVHR;1;chemical;Glutamate;GLR-4
PHAR;DVA;6;chemical;Glutamate;GLR-4, GLR-5, NMR-1
PHAR;PVPL;3;chemical;Glutamate;
PHAR;PVQL;4;chemical;Glutamate;GLR-1, GLR-5
PHAR;PVQR;1;chemical;Glutamate;GLR-1, GLR-5
PHAR;PVT;2;chemical;Glutamate;
PHAR;AVDR;2;chemical;Glutamate;GLR-1, GLR-2, GLR-5, NMR-1, NMR-2
PHBL;PHBR;4;chemical;Glutamate, Serotonin;SER-3
PHBL;AVG;1;chemical;Glutamate, Serotonin;GLR-1, GLR-2, NMR-1, NMR-2
PHBL;PVCL;71;chemical;Glutamate, Serotonin;SER-2
PHBL;AVAL;48;chemical;Glutamate, Serotonin;GLR-1, GLR-2, GLR-4, GLR-5, NMR-1, NMR-2
PHBL;AVAR;33;chemical;Glutamate, Serotonin;GLR-1, GLR-2, GLR-4, GLR-5, NMR-1, NMR-2
PHBL;AVDL;6;chemical;Glutamate, Serotonin;GLR-1, GLR-2, GLR-5, NMR-1, NMR-2
PHBL;AVDR;1;chemical;Glutamate, Serotonin;GLR-1, GLR-2, GLR-5, NMR-1, NMR-2
PHBL;AS11;1;chemical;Glutamate, Serotonin;
PHBL;VA12;5;chemical;Glutamate, Serotonin;
PHBR;PHBL;3;chemical;Glutamate, Serotonin;SER-3
PHBR;PHCR;3;chemical;Glutamate, Serotonin;
PHBR;PVCL;39;chemical;Glutamate, Serotonin;SER-2
PHBR;PVCR;21;chemical;Glutamate, Serotonin;SER-2
PHBR;AVAL;35;chemical;Glutamate, Serotonin;GLR-1, GLR-2, GLR-4, GLR-5, NMR-1, NMR-2
PHBR;AVAR;38;chemical;Glutamate, Serotonin;GLR-1, GLR-2, GLR-4, GLR-5, NMR-1, NMR-2
PHBR;AVDL;7;chemical;Glutamate, Serotonin;GLR-1, GLR-2, GLR-5, NMR-1, NMR-2
PHBR;AVDR;5;chemical;Glutamate, Serotonin;GLR-1, GLR-2, GLR-5, NMR-1, NMR-2
PHBR;VA12;1;chemical;Glutamate, Serotonin;
PHCL;PHCR;2;chemical;Glutamate;
PHCL;AVHR;1;chemical;Glutamate;GLR-4
PHCL;DVA;12;chemical;Glutamate;GLR-4, GLR-5, NMR-1
PHCL;PVQR;2;chemical;Glutamate;GLR-1, GLR-5
PHCL;PVCL;7;chemical;Glutamate;
PHCL;AVAL;5;chemical;Glutamate;GLR-1, GLR-2, GLR-4, GLR-5, NMR-1, NMR-2
PHCL;LUAL;2;chemical;Glutamate;GLR-5
PHCL;VA12;6;chemical;Glutamate;
PHCR;PHAR;2;chemical;Glutamate;
PHCR;PHCL;4;chemical;Glutamate;
PHCR;AVHR;2;chemical;Glutamate;GLR-4
PHCR;DVA;22;chemical;Glutamate;GLR-4, GLR-5, NMR-1
PHCR;PVQR;4;chemical;Glutamate;GLR-1, GLR-5
PHCR;PVCR;25;chemical;Glutamate;
PHCR;LUAR;6;chemical;Glutamate;GLR-5
PHCR;VA12;8;chemical;Glutamate;
AIAL;ADFL;2;chemical;Acetylcholine;
AIAL;ADLL;1;chemical;Acetylcholine;
AIAL;ASEL;5;chemical;Acetylcholine;
AIAL;ASER;10;chemical;Acetylcholine;
AIAL;ASGL;1;chemical;Acetylcholine;
AIAL;ASHL;1;chemical;Acetylcholine;
AIAL;ASJL;4;chemical;Acetylcholine;
AIAL;ASKL;9;chemical;Acetylcholine;
AIAL;AWCL;1;chemical;Acetylcholine;
AIAL;AWCR;6;chemical;Acetylcholine;
AIAL;AIBL;35;chemical;Acetylcholine;
AIAL;AIZL;4;chemical;Acetylcholine;
AIAL;AIML;6;chemical;Acetylcholine;
AIAL;RIFL;10;chemical;Acetylcholine;
AIAL;RMGL;2;chemical;Acetylcholine;
AIAL;PVQL;1;chemical;Acetylcholine;
AIAR;ADLR;10;chemical;Acetylcholine;
AIAR;ASER;5;chemical;Acetylcholine;
AIAR;ASGR;5;chemical;Acetylcholine;
AIAR;ASIR;2;chemical;Acetylcholine;
AIAR;AWAR;4;chemical;Acetylcholine;
AIAR;AWCL;6;chemical;Acetylcholine;
AIAR;AWCR;6;chemical;Acetylcholine;
AIAR;AIBR;33;chemical;Acetylcholine;
AIAR;AIZR;2;chemical;Acetylcholine;
AIAR;RIFR;10;chemical;Acetylcholine;
AIBL;ASHL;1;chemical;Glutamate;
AIBL;ASHR;3;chemical;Glutamate;
AIBL;IL2DR;1;chemical;Glutamate;
AIBL;FLPL;1;chemical;Glutamate;GLR-4
AIBL;AIBL;2;chemical;Glutamate;GLR-1, GLR-2, GLR-5, MGL-2
AIBL;AIZR;7;chemical;Glutamate;
AIBL;RIBR;16;chemical;Glutamate;
AIBL;RIFL;1;chemical;Glutamate;
AIBL;RIGR;5;chemical;Glutamate;
AIBL;RMFR;6;chemical;Glutamate;
AIBL;AVAL;5;chemical;Glutamate;GLR-1, GLR-2, GLR-4, GLR-5, NMR-1, NMR-2
AIBL;AVBL;21;chemical;Glutamate;GLR-1, GLR-5
AIBL;AVEL;1;chemical;Glutamate;GLR-1, GLR-2, GLR-5, NMR-1, NMR-2
AIBL;RIML;1;chemical;Glutamate;
AIBL;RIMR;56;chemical;Glutamate;
AIBL;SAADL;6;chemical;Glutamate;
AIBL;SAADR;10;chemical;Glutamate;
AIBL;SIADR;2;chemical;Glutamate;
AIBL;SIAVR;2;chemical;Glutamate;
AIBL;SIBDR;3;chemical;Glutamate;
AIBL;SMDDR;16;chemical;Glutamate;
AIBL;SMDVR;4;chemical;Glutamate;
AIYL;ASER;1;chemical;Acetylcholine;
AIYL;AWAL;14;chemical;Acetylcholine;
AIYL;AWCL;5;chemical;Acetylcholine;
AIYL;AWCR;3;chemical;Acetylcholine;
AIYL;AFDL;2;chemical;Acetylcholine;
AIYL;AIBL;3;chemical;Acetylcholine;
AIYL;AIZL;67;chemical;Acetylcholine;
AIYL;RIAL;51;chemical;Acetylcholine;
AIYL;RIBL;42;chemical;Acetylcholine;
AIYL;HSNR;1;chemical;Acetylcholine;GAR-2
AIYR;ADFR;1;chemical;Acetylcholine;
AIYR;ASEL;2;chemical;Acetylcholine;
AIYR;ASER;4;chemical;Acetylcholine;
AIYR;ASGR;2;chemical;Acetylcholine;
AIYR;AWAR;1;chemical;Acetylcholine;
AIYR;AWBR;1;chemical;Acetylcholine;
AIYR;AFDR;1;chemical;Acetylcholine;
AIYR;BAGR;1;chemical;Acetylcholine;
AIYR;AIYL;7;chemical;Acetylcholine;ACR-14, GAR-2
AIYR;AIZR;70;chemical;Acetylcholine;
AIYR;RIAR;50;chemical;Acetylcholine;
AIYR;RIBR;60;chemical;Acetylcholine;
AIYR;RIVR;1;chemical;Acetylcholine;
AIZL;ADFL;1;chemical;Glutamate;MGL-3
AIZL;ASEL;4;chemical;Glutamate;MGL-3
AIZL;AWCR;2;chemical;Glutamate;
AIZL;AFDL;1;chemical;Glutamate;
AIZL;URYDL;3;chemical;Glutamate;
AIZL;AIAL;12;chemical;Glutamate;GLC-3, GLR-2, MGL-1
AIZL;AIBL;10;chemical;Glutamate;GLR-1, GLR-2, GLR-5, MGL-2
AIZL;AIBR;53;chemical;Glutamate;GLR-1, GLR-2, GLR-5, MGL-2
AIZL;RIAL;29;chemical;Glutamate;
AIZL;RICR;11;chemical;Glutamate;
AIZL;RIGL;4;chemical;Glutamate;
AIZL;AVKR;4;chemical;Glutamate;GLR-5
AIZL;DVA;1;chemical;Glutamate;GLR-4, GLR-5, NMR-1
AIZL;AVEL;3;chemical;Glutamate;GLR-1, GLR-2, GLR-5, NMR-1, NMR-2
AIZL;AVER;26;chemical;Glutamate;GLR-1, GLR-2, GLR-5, NMR-1, NMR-2
AIZL;RIML;35;chemical;Glutamate;
AIZL;SMBDL;24;chemical;Glutamate;
AIZL;SMDVL;3;chemical;Glutamate;
AIZR;ADFR;1;chemical;Glutamate;MGL-3
AIZR;ASER;2;chemical;Glutamate;MGL-3
AIZR;AWAR;1;chemical;Glutamate;
AIZR;AWCR;2;chemical;Glutamate;
AIZR;AIAR;5;chemical;Glutamate;GLC-3, GLR-2, MGL-1
AIZR;AIBL;50;chemical;Glutamate;GLR-1, GLR-2, GLR-5, MGL-2
AIZR;AIBR;3;chemical;Glutamate;GLR-1, GLR-2, GLR-5, MGL-2
AIZR;RIAR;25;chemical;Glutamate;
AIZR;DVA;3;chemical;Glutamate;GLR-4, GLR-5, NMR-1
AIZR;AVEL;28;chemical;Glutamate;GLR-1, GLR-2, GLR-5, NMR-1, NMR-2
AIZR;AVER;1;chemical;Glutamate;GLR-1, GLR-2, GLR-5, NMR-1, NMR-2
AIZR;RIMR;34;chemical;Glutamate;
AIZR;SIADR;1;chemical;Glutamate;
AIZR;SMBDR;17;chemical;Glutamate;
AIZR;SMDDR;4;chemical;Glutamate;
ADAL;ADLL;2;chemical;Glutamate;
ADAL;URXL;2;chemical;Glutamate;
ADAL;AIAL;2;chemical;Glutamate;GLC-3, GLR-2, MGL-1
ADAL;AIBL;2;chemical;Glutamate;GLR-1, GLR-2, GLR-5, MGL-2
ADAL;AIBR;2;chemical;Glutamate;GLR-1, GLR-2, GLR-5, MGL-2
ADAL;RICL;3;chemical;Glutamate;
ADAL;RICR;1;chemical;Glutamate;
ADAL;AVJR;11;chemical;Glutamate;GLR-1
ADAL;PVPL;1;chemical;Glutamate;
ADAL;RID;1;chemical;Glutamate;
ADAL;AVAL;3;chemical;Glutamate;GLR-1, GLR-2, GLR-4, GLR-5, NMR-1, NMR-2
ADAL;AVAR;7;chemical;Glutamate;GLR-1, GLR-2, GLR-4, GLR-5, NMR-1, NMR-2
ADAL;AVBL;5;chemical;Glutamate;GLR-1, GLR-5
ADAL;AVBR;21;chemical;Glutamate;GLR-1, GLR-5
ADAL;AVDL;1;chemical;Glutamate;GLR-1, GLR-2, GLR-5, NMR-1, NMR-2
ADAL;AVDR;2;chemical;Glutamate;GLR-1, GLR-2, GLR-5, NMR-1, NMR-2
ADAL;AVEL;3;chemical;Glutamate;GLR-1, GLR-2, GLR-5, NMR-1, NMR-2
ADAL;RIML;9;chemical;Glutamate;
ADAL;SMDVR;3;chemical;Glutamate;
ADAR;ASHR;2;chemical;Glutamate;
ADAR;URXR;2;chemical;Glutamate;
ADAR;URYDR;2;chemical;Glutamate;
ADAR;AIBL;1;chemical;Glutamate;GLR-1, GLR-2, GLR-5, MGL-2
ADAR;AIBR;3;chemical;Glutamate;GLR-1, GLR-2, GLR-5, MGL-2
ADAR;RIFR;1;chemical;Glutamate;
ADAR;AVJL;13;chemical;Glutamate;GLR-1
ADAR;PVR;6;chemical;Glutamate;
ADAR;AVAR;8;chemical;Glutamate;GLR-1, GLR-2, GLR-4, GLR-5, NMR-1, NMR-2
ADAR;AVBL;8;chemical;Glutamate;GLR-1, GLR-5
ADAR;AVBR;15;chemical;Glutamate;GLR-1, GLR-5
ADAR;AVDL;2;chemical;Glutamate;GLR-1, GLR-2, GLR-5, NMR-1, NMR-2
ADAR;AVDR;3;chemical;Glutamate;GLR-1, GLR-2, GLR-5, NMR-1, NMR-2
ADAR;AVEL;1;chemical;Glutamate;GLR-1, GLR-2, GLR-5, NMR-1, NMR-2
ADAR;RIMR;15;chemical;Glutamate;
ADAR;RIVR;5;chemical;Glutamate;
ADAR;SMDVL;1;chemical;Glutamate;
AIML;ASGL;8;chemical;Glutamate, Serotonin;
AIML;ASJL;2;chemical;Glutamate, Serotonin;
AIML;ASKL;7;chemical;Glutamate, Serotonin;
AIML;CEPDL;3;chemical;Glutamate, Serotonin;
AIML;ALML;1;chemical;Glutamate, Serotonin;GLR-8
AIML;URXL;1;chemical;Glutamate, Serotonin;
AIML;AIAL;11;chemical;Glutamate, Serotonin;GLC-3, GLR-2, MGL-1, MOD-1
AIML;RIFL;2;chemical;Glutamate, Serotonin;
AIML;RMGL;3;chemical;Glutamate, Serotonin;
AIML;AVFL;5;chemical;Glutamate, Serotonin;
AIML;AVFR;4;chemical;Glutamate, Serotonin;
AIML;AVHL;2;chemical;Glutamate, Serotonin;GLR-4, SER-2
AIML;AVHR;1;chemical;Glutamate, Serotonin;GLR-4, SER-2
AIML;AVJL;1;chemical;Glutamate, Serotonin;GLR-1, SER-5
AIML;PVQL;1;chemical;Glutamate, Serotonin;GLR-1, GLR-5, SER-1, SER-3
AIML;RID;2;chemical;Glutamate, Serotonin;MOD-1, SER-2
AIML;AVDL;1;chemical;Glutamate, Serotonin;GLR-1, GLR-2, GLR-5, NMR-1, NMR-2
AIMR;ADFR;2;chemical;Glutamate, Serotonin;MGL-3
AIMR;ASGR;6;chemical;Glutamate, Serotonin;
AIMR;ASJR;4;chemical;Glutamate, Serotonin;
AIMR;ASKR;4;chemical;Glutamate, Serotonin;
AIMR;OLQDR;1;chemical;Glutamate, Serotonin;
AIMR;CEPVR;1;chemical;Glutamate, Serotonin;
AIMR;BDUR;2;chemical;Glutamate, Serotonin;GLR-8, SER-2
AIMR;URXR;5;chemical;Glutamate, Serotonin;
AIMR;AIAR;10;chemical;Glutamate, Serotonin;GLC-3, GLR-2, MGL-1, MOD-1
AIMR;AIMR;1;chemical;Glutamate, Serotonin;
AIMR;ALA;2;chemical;Glutamate, Serotonin;
AIMR;RIFR;3;chemical;Glutamate, Serotonin;
AIMR;RMGR;4;chemical;Glutamate, Serotonin;
AIMR;AVFL;3;chemical;Glutamate, Serotonin;
AIMR;AVFR;4;chemical;Glutamate, Serotonin;
AIMR;AVHR;2;chemical;Glutamate, Serotonin;GLR-4, SER-2
AIMR;AVJR;1;chemical;Glutamate, Serotonin;GLR-1, SER-5
AIMR;AVAR;1;chemical;Glutamate, Serotonin;GLR-1, GLR-2, GLR-4, GLR-5, NMR-1, NMR-2
AIMR;AVDR;2;chemical;Glutamate, Serotonin;GLR-1, GLR-2, GLR-5, NMR-1, NMR-2
AIMR;RMDR;1;chemical;Glutamate, Serotonin;GLR-1, SER-1
AIMR;HSNL;3;chemical;Glutamate, Serotonin;GLR-5
AIMR;HSNR;3;chemical;Glutamate, Serotonin;GLR-5
AINL;ASEL;1;chemical;Acetylcholine;
AINL;ASGR;1;chemical;Acetylcholine;
AINL;ASIL;11;chemical;Acetylcholine;
AINL;AFDR;10;chemical;Acetylcholine;
AINL;CEPVR;2;chemical;Acetylcholine;
AINL;BAGL;5;chemical;Acetylcholine;
AINL;AUAR;2;chemical;Acetylcholine;
AINL;AIAR;1;chemical;Acetylcholine;
AINL;RIBL;2;chemical;Acetylcholine;
AINL;RIBR;3;chemical;Acetylcholine;
AINL;RMFL;1;chemical;Acetylcholine;
AINL;RID;2;chemical;Acetylcholine;
AINL;RMDVL;3;chemical;Acetylcholine;
AINR;ASEL;1;chemical;Acetylcholine;
AINR;ASER;3;chemical;Acetylcholine;
AINR;ASGL;1;chemical;Acetylcholine;
AINR;AWCL;2;chemical;Acetylcholine;
AINR;AFDL;9;chemical;Acetylcholine;
AINR;AFDR;3;chemical;Acetylcholine;
AINR;CEPDL;2;chemical;Acetylcholine;
AINR;BAGR;9;chemical;Acetylcholine;
AINR;URXL;2;chemical;Acetylcholine;
AINR;URXR;2;chemical;Acetylcholine;
AINR;AUAL;1;chemical;Acetylcholine;
AINR;AUAR;2;chemical;Acetylcholine;
AINR;AIAL;2;chemical;Acetylcholine;
AINR;AIBL;2;chemical;Acetylcholine;
AINR;RIBL;8;chemical;Acetylcholine;
AINR;RID;2;chemical;Acetylcholine;
RIAL;CEPDL;1;chemical;Glutamate;
RIAL;BAGR;2;chemical;Glutamate;
RIAL;URXL;2;chemical;Glutamate;
RIAL;AQR;4;chemical;Glutamate;
RIAL;AIZL;1;chemical;Glutamate;
RIAL;RIAR;23;chemical;Glutamate;
RIAL;RIBL;2;chemical;Glutamate;
RIAL;AVAL;2;chemical;Glutamate;GLR-1, GLR-2, GLR-4, GLR-5, NMR-1, NMR-2
RIAL;RIML;2;chemical;Glutamate;
RIAL;RIMR;2;chemical;Glutamate;
RIAL;RMDDL;48;chemical;Glutamate;GLR-1
RIAL;RMDDR;35;chemical;Glutamate;GLR-1
RIAL;RMDL;26;chemical;Glutamate;GLR-1
RIAL;RMDR;17;chemical;Glutamate;GLR-1
RIAL;RMDVL;48;chemical;Glutamate;GLR-1
RIAL;RMDVR;48;chemical;Glutamate;GLR-1
RIAL;RIVL;8;chemical;Glutamate;
RIAL;RIVR;12;chemical;Glutamate;
RIAL;SAADL;1;chemical;Glutamate;
RIAL;SIADL;3;chemical;Glutamate;
RIAL;SIAVR;2;chemical;Glutamate;
RIAL;SMBDR;7;chemical;Glutamate;
RIAL;SMDDL;22;chemical;Glutamate;
RIAL;SMDDR;33;chemical;Glutamate;
RIAL;SMDVL;14;chemical;Glutamate;
RIAL;SMDVR;32;chemical;Glutamate;
RIAR;ADFR;2;chemical;Glutamate;MGL-3
RIAR;IL1R;2;chemical;Glutamate;
RIAR;CEPVL;1;chemical;Glutamate;
RIAR;CEPVR;1;chemical;Glutamate;
RIAR;AUAR;2;chemical;Glutamate;GLR-4
RIAR;RIAL;38;chemical;Glutamate;
RIAR;RIAR;3;chemical;Glutamate;
RIAR;RIBR;1;chemical;Glutamate;
RIAR;AVAR;2;chemical;Glutamate;GLR-1, GLR-2, GLR-4, GLR-5, NMR-1, NMR-2
RIAR;RMDDL;48;chemical;Glutamate;GLR-1
RIAR;RMDDR;53;chemical;Glutamate;GLR-1
RIAR;RMDL;9;chemical;Glutamate;GLR-1
RIAR;RMDR;35;chemical;Glutamate;GLR-1
RIAR;RMDVL;57;chemical;Glutamate;GLR-1
RIAR;RMDVR;47;chemical;Glutamate;GLR-1
RIAR;RIVL;3;chemical;Glutamate;
RIAR;RIVR;3;chemical;Glutamate;
RIAR;SAADR;1;chemical;Glutamate;
RIAR;SIADR;4;chemical;Glutamate;
RIAR;SIAVL;7;chemical;Glutamate;
RIAR;SMBDR;2;chemical;Glutamate;
RIAR;SMDDL;32;chemical;Glutamate;
RIAR;SMDDR;26;chemical;Glutamate;
RIAR;SMDVL;43;chemical;Glutamate;
RIAR;SMDVR;26;chemical;Glutamate;
RICL;ADLR;2;chemical;Octopamine;
RICL;OLQVL;1;chemical;Octopamine;
RICL;CEPDL;1;chemical;Octopamine;OCTR-1
RICL;CEPVL;2;chemical;Octopamine;OCTR-1
RICL;RICR;2;chemical;Octopamine;
RICL;RMFR;2;chemical;Octopamine;
RICL;AVAL;15;chemical;Octopamine;
RICL;AVAR;18;chemical;Octopamine;
RICL;RIML;1;chemical;Octopamine;
RICL;RIMR;8;chemical;Octopamine;
RICL;RIVR;4;chemical;Octopamine;
RICL;SMBDL;5;chemical;Octopamine;
RICL;SMBDR;1;chemical;Octopamine;
RICL;SMDDL;11;chemical;Octopamine;
RICL;SMDDR;8;chemical;Octopamine;
RICL;SMDVR;1;chemical;Octopamine;
RICR;CEPDL;1;chemical;Octopamine;OCTR-1
RICR;CEPDR;1;chemical;Octopamine;OCTR-1
RICR;AIBL;2;chemical;Octopamine;
RICR;AIBR;2;chemical;Octopamine;
RICR;AIZL;6;chemical;Octopamine;
RICR;RICL;3;chemical;Octopamine;
RICR;RMFL;1;chemical;Octopamine;
RICR;RMGL;1;chemical;Octopamine;
RICR;AVKR;1;chemical;Octopamine;
RICR;AVAL;15;chemical;Octopamine;
RICR;AVAR;13;chemical;Octopamine;
RICR;RIML;10;chemical;Octopamine;
RICR;RIMR;1;chemical;Octopamine;
RICR;RIVL;1;chemical;Octopamine;
RICR;SMBDR;3;chemical;Octopamine;
RICR;SMDDL;9;chemical;Octopamine;
RICR;SMDDR;9;chemical;Octopamine;
RICR;SMDVL;6;chemical;Octopamine;
RICR;SMDVR;3;chemical;Octopamine;
RIGL;ADFL;1;chemical;Glutamate;MGL-3
RIGL;ADLL;2;chemical;Glutamate;
RIGL;OLQVL;2;chemical;Glutamate;
RIGL;ALNL;6;chemical;Glutamate;
RIGL;BAGR;3;chemical;Glutamate;
RIGL;URXL;6;chemical;Glutamate;
RIGL;AIBR;4;chemical;Glutamate;GLR-1, GLR-2, GLR-5, MGL-2
RIGL;AIZL;10;chemical;Glutamate;
RIGL;AIZR;2;chemical;Glutamate;
RIGL;RIBL;3;chemical;Glutamate;
RIGL;RMGL;6;chemical;Glutamate;
RIGL;AVKR;17;chemical;Glutamate;GLR-5
RIGL;DVA;1;chemical;Glutamate;GLR-4, GLR-5, NMR-1
RIGL;PVPL;2;chemical;Glutamate;
RIGL;AVEL;7;chemical;Glutamate;GLR-1, GLR-2, GLR-5, NMR-1, NMR-2
RIGL;AVER;1;chemical;Glutamate;GLR-1, GLR-2, GLR-5, NMR-1, NMR-2
RIGL;RMHR;23;chemical;Glutamate;
RIGR;AFDR;1;chemical;Glutamate;
RIGR;OLQVR;2;chemical;Glutamate;
RIGR;ALNR;3;chemical;Glutamate;
RIGR;BAGL;2;chemical;Glutamate;
RIGR;URXR;3;chemical;Glutamate;
RIGR;URYVR;2;chemical;Glutamate;
RIGR;AIBL;2;chemical;Glutamate;GLR-1, GLR-2, GLR-5, MGL-2
RIGR;AIZR;5;chemical;Glutamate;
RIGR;RIAR;3;chemical;Glutamate;
RIGR;RIBR;2;chemical;Glutamate;
RIGR;AVKL;21;chemical;Glutamate;GLR-5
RIGR;AVKR;5;chemical;Glutamate;GLR-5
RIGR;DVA;4;chemical;Glutamate;GLR-4, GLR-5, NMR-1
RIGR;DVC;2;chemical;Glutamate;GLR-1
RIGR;PVT;5;chemical;Glutamate;
RIGR;AVDL;1;chemical;Glutamate;GLR-1, GLR-2, GLR-5, NMR-1, NMR-2
RIGR;AVER;4;chemical;Glutamate;GLR-1, GLR-2, GLR-5, NMR-1, NMR-2
RIGR;RMHL;17;chemical;Glutamate;
RIH;ADFR;3;chemical;Serotonin;
RIH;IL2L;2;chemical;Serotonin;
RIH;IL2R;3;chemical;Serotonin;
RIH;IL2VL;4;chemical;Serotonin;
RIH;IL2VR;5;chemical;Serotonin;
RIH;OLQDL;11;chemical;Serotonin;
RIH;OLQDR;7;chemical;Serotonin;
RIH;OLQVL;13;chemical;Serotonin;
RIH;OLQVR;7;chemical;Serotonin;
RIH;CEPDL;6;chemical;Serotonin;
RIH;CEPVL;3;chemical;Serotonin;
RIH;CEPVR;6;chemical;Serotonin;
RIH;BAGL;2;chemical;Serotonin;
RIH;BAGR;5;chemical;Serotonin;
RIH;URYVR;4;chemical;Serotonin;SER-1
RIH;AUAR;2;chemical;Serotonin;SER-2
RIH;AIYL;3;chemical;Serotonin;MOD-1, SER-2
RIH;AIYR;4;chemical;Serotonin;MOD-1, SER-2
RIH;AIZL;12;chemical;Serotonin;MOD-1, SER-2
RIH;AIZR;19;chemical;Serotonin;MOD-1, SER-2
RIH;RIAL;34;chemical;Serotonin;SER-1, SER-2
RIH;RIAR;36;chemical;Serotonin;SER-1, SER-2
RIH;RIBL;18;chemical;Serotonin;SER-4
RIH;RIBR;15;chemical;Serotonin;SER-4
RIH;RMER;6;chemical;Serotonin;MOD-1, SER-2
RIH;RMEV;10;chemical;Serotonin;MOD-1, SER-2
RIS;OLLR;5;chemical;GABA;
RIS;CEPDL;4;chemical;GABA;
RIS;CEPVL;7;chemical;GABA;
RIS;CEPVR;4;chemical;GABA;
RIS;URYDR;1;chemical;GABA;
RIS;URYVL;1;chemical;GABA;
RIS;URYVR;5;chemical;GABA;
RIS;RIBL;8;chemical;GABA;
RIS;RIBR;18;chemical;GABA;
RIS;RIS;3;chemical;GABA;
RIS;AVKL;6;chemical;GABA;
RIS;AVKR;13;chemical;GABA;
RIS;AVL;9;chemical;GABA;
RIS;AVEL;17;chemical;GABA;
RIS;AVER;18;chemical;GABA;
RIS;RIML;10;chemical;GABA;
RIS;RIMR;15;chemical;GABA;
RIS;RMDDL;1;chemical;GABA;
RIS;RMDDR;1;chemical;GABA;
RIS;RMDL;10;chemical;GABA;
RIS;RMDR;16;chemical;GABA;
RIS;RMEV;3;chemical;GABA;
RIS;SMDDL;1;chemical;GABA;
RIS;SMDDR;6;chemical;GABA;
RIS;SMDVL;1;chemical;GABA;
RIS;SMDVR;1;chemical;GABA;
URBL;IL1L;10;chemical;Acetylcholine;
URBL;OLLL;1;chemical;Acetylcholine;
URBL;CEPDL;2;chemical;Acetylcholine;
URBL;URXL;26;chemical;Acetylcholine;
URBL;URYDL;1;chemical;Acetylcholine;
URBL;RICL;1;chemical;Acetylcholine;
URBL;RICR;1;chemical;Acetylcholine;
URBL;PVR;1;chemical;Acetylcholine;
URBL;AVBL;1;chemical;Acetylcholine;
URBL;RMDDR;2;chemical;Acetylcholine;
URBL;RMHR;5;chemical;Acetylcholine;
URBL;SIADR;2;chemical;Acetylcholine;
URBL;SIAVL;2;chemical;Acetylcholine;
URBL;SIBVL;1;chemical;Acetylcholine;
URBL;SMBDR;3;chemical;Acetylcholine;
URBR;ADLR;2;chemical;Acetylcholine;
URBR;IL1DR;2;chemical;Acetylcholine;
URBR;IL1R;5;chemical;Acetylcholine;
URBR;IL2R;3;chemical;Acetylcholine;
URBR;OLQDR;2;chemical;Acetylcholine;
URBR;OLLR;1;chemical;Acetylcholine;
URBR;CEPDR;1;chemical;Acetylcholine;
URBR;CEPVR;4;chemical;Acetylcholine;
URBR;URXR;16;chemical;Acetylcholine;
URBR;ADER;1;chemical;Acetylcholine;ACR-16
URBR;RICL;1;chemical;Acetylcholine;
URBR;RICR;1;chemical;Acetylcholine;
URBR;RMGR;8;chemical;Acetylcholine;
URBR;AVBR;1;chemical;Acetylcholine;
URBR;AVDL;1;chemical;Acetylcholine;
URBR;RMDL;1;chemical;Acetylcholine;
URBR;RMDR;1;chemical;Acetylcholine;
URBR;SIADL;3;chemical;Acetylcholine;
URBR;SIAVR;3;chemical;Acetylcholine;
URBR;SIBDR;2;chemical;Acetylcholine;
URBR;SIBVR;2;chemical;Acetylcholine;
URBR;SMBDL;4;chemical;Acetylcholine;
AVL;RIS;1;chemical;GABA;
AVL;AVKR;2;chemical;GABA;
AVL;DVC;2;chemical;GABA;
AVL;PVPR;2;chemical;GABA;
AVL;PVWL;1;chemical;GABA;
AVL;AVEL;3;chemical;GABA;
AVL;RIMR;2;chemical;GABA;
AVL;SABD;9;chemical;GABA;
AVL;SABVL;9;chemical;GABA;
AVL;SABVR;6;chemical;GABA;
AVL;VD12;3;chemical;GABA;
AVL;HSNR;2;chemical;GABA;
DVA;URXL;1;chemical;Acetylcholine;
DVA;URYDL;3;chemical;Acetylcholine;
DVA;AQR;6;chemical;Acetylcholine;
DVA;AUAL;4;chemical;Acetylcholine;
DVA;AUAR;8;chemical;Acetylcholine;
DVA;PDER;1;chemical;Acetylcholine;
DVA;AIZL;5;chemical;Acetylcholine;
DVA;AIZR;3;chemical;Acetylcholine;
DVA;RIAL;3;chemical;Acetylcholine;
DVA;RIAR;4;chemical;Acetylcholine;
DVA;PVPR;3;chemical;Acetylcholine;
DVA;PVR;2;chemical;Acetylcholine;
DVA;PVCL;4;chemical;Acetylcholine;
DVA;PVCR;1;chemical;Acetylcholine;
DVA;AVAL;6;chemical;Acetylcholine;
DVA;AVAR;2;chemical;Acetylcholine;
DVA;AVBL;1;chemical;Acetylcholine;
DVA;AVBR;1;chemical;Acetylcholine;
DVA;AVDR;2;chemical;Acetylcholine;
DVA;AVEL;19;chemical;Acetylcholine;
DVA;AVER;17;chemical;Acetylcholine;
DVA;RIMR;5;chemical;Acetylcholine;
DVA;SAADR;5;chemical;Acetylcholine;
DVA;SABD;2;chemical;Acetylcholine;
DVA;SMBDL;6;chemical;Acetylcholine;
DVA;SMBDR;6;chemical;Acetylcholine;
DVA;SMDVL;1;chemical;Acetylcholine;
DVA;VA12;1;chemical;Acetylcholine;
DVA;VB11;2;chemical;Acetylcholine;
DVB;PHCL;2;chemical;GABA;
DVB;AVL;21;chemical;GABA;
DVB;DVC;5;chemical;GABA;
DVB;PVPL;10;chemical;GABA;
DVB;PDA;2;chemical;GABA;EXP-1
DVB;VD13;1;chemical;GABA;
DVC;PVDR;1;chemical;Glutamate;GLR-4
DVC;AIBL;3;chemical;Glutamate;GLR-1, GLR-2, GLR-5, MGL-2
DVC;AIBR;3;chemical;Glutamate;GLR-1, GLR-2, GLR-5, MGL-2
DVC;RIBL;2;chemical;Glutamate;
DVC;RIBR;6;chemical;Glutamate;
DVC;RIGL;16;chemical;Glutamate;
DVC;RIGR;13;chemical;Glutamate;
DVC;RMFL;14;chemical;Glutamate;
DVC;RMFR;9;chemical;Glutamate;
DVC;AVKL;2;chemical;Glutamate;GLR-5
DVC;PVPL;4;chemical;Glutamate;
DVC;PVT;1;chemical;Glutamate;
DVC;AVAL;14;chemical;Glutamate;GLR-1, GLR-2, GLR-4, GLR-5, NMR-1, NMR-2
DVC;AVAR;16;chemical;Glutamate;GLR-1, GLR-2, GLR-4, GLR-5, NMR-1, NMR-2
DVC;AVBL;1;chemical;Glutamate;GLR-1, GLR-5
DVC;RIVR;2;chemical;Glutamate;
PVPL;PVDL;1;chemical;Acetylcholine;
PVPL;AQR;8;chemical;Acetylcholine;
PVPL;RIGL;3;chemical;Acetylcholine;
PVPL;AVHR;3;chemical;Acetylcholine;
PVPL;PVCL;3;chemical;Acetylcholine;
PVPL;PVCR;9;chemical;Acetylcholine;
PVPL;AVAL;4;chemical;Acetylcholine;
PVPL;AVAR;3;chemical;Acetylcholine;
PVPL;AVBL;13;chemical;Acetylcholine;
PVPL;AVBR;12;chemical;Acetylcholine;
PVPL;AVDR;3;chemical;Acetylcholine;
PVPR;ADFR;2;chemical;Acetylcholine;
PVPR;ASHR;2;chemical;Acetylcholine;
PVPR;URXR;1;chemical;Acetylcholine;
PVPR;AQR;5;chemical;Acetylcholine;
PVPR;RIAR;2;chemical;Acetylcholine;
PVPR;RIGR;2;chemical;Acetylcholine;
PVPR;AVG;1;chemical;Acetylcholine;
PVPR;AVHL;3;chemical;Acetylcholine;
PVPR;AVJL;2;chemical;Acetylcholine;
PVPR;AVL;4;chemical;Acetylcholine;
PVPR;DVC;3;chemical;Acetylcholine;
PVPR;PVQR;1;chemical;Acetylcholine;
PVPR;PVCL;6;chemical;Acetylcholine;
PVPR;PVCR;13;chemical;Acetylcholine;
PVPR;AVAL;1;chemical;Acetylcholine;
PVPR;AVAR;5;chemical;Acetylcholine;
PVPR;AVBL;8;chemical;Acetylcholine;
PVPR;AVBR;11;chemical;Acetylcholine;
PVPR;HSNR;2;chemical;Acetylcholine;GAR-2
PVQL;ASJL;3;chemical;Glutamate;
PVQL;ASKL;12;chemical;Glutamate;
PVQL;AWAL;1;chemical;Glutamate;
PVQL;AIAL;10;chemical;Glutamate;GLC-3, GLR-2, MGL-1
PVQL;RMGL;1;chemical;Glutamate;
PVQL;AVHR;1;chemical;Glutamate;GLR-4
PVQL;PVPL;1;chemical;Glutamate;
PVQL;HSNL;3;chemical;Glutamate;GLR-5
PVQL;HSNR;6;chemical;Glutamate;GLR-5
PVQR;ASER;2;chemical;Glutamate;MGL-3
PVQR;ASJL;1;chemical;Glutamate;
PVQR;ASKR;6;chemical;Glutamate;
PVQR;AWAR;4;chemical;Glutamate;
PVQR;AIAL;1;chemical;Glutamate;GLC-3, GLR-2, MGL-1
PVQR;AIAR;12;chemical;Glutamate;GLC-3, GLR-2, MGL-1
PVQR;AIMR;2;chemical;Glutamate;
PVQR;RIFR;4;chemical;Glutamate;
PVQR;RMGR;1;chemical;Glutamate;
PVQR;AVFR;1;chemical;Glutamate;
PVQR;AVL;2;chemical;Glutamate;
PVQR;AVBR;1;chemical;Glutamate;GLR-1, GLR-5
PVR;IL1DR;5;chemical;Glutamate;
PVR;IL1VL;9;chemical;Glutamate;
PVR;IL1VR;9;chemical;Glutamate;
PVR;CEPVR;2;chemical;Glutamate;
PVR;ALMR;2;chemical;Glutamate;GLR-8
PVR;PVM;1;chemical;Glutamate;
PVR;SDQR;5;chemical;Glutamate;
PVR;AVJL;11;chemical;Glutamate;GLR-1
PVR;AVJR;5;chemical;Glutamate;GLR-1
PVR;AVKL;1;chemical;Glutamate;GLR-5
PVR;DVA;2;chemical;Glutamate;GLR-4, GLR-5, NMR-1
PVR;PVR;1;chemical;Glutamate;
PVR;PVCL;4;chemical;Glutamate;
PVR;AVBL;17;chemical;Glutamate;GLR-1, GLR-5
PVR;AVBR;17;chemical;Glutamate;GLR-1, GLR-5
PVR;SABD;2;chemical;Glutamate;
PVWL;PVT;1;chemical;Acetylcholine;
PVWL;PVWR;1;chemical;Acetylcholine;
PVWL;PVCL;1;chemical;Acetylcholine;
PVWL;PVCR;1;chemical;Acetylcholine;
PVWL;VD12;1;chemical;Acetylcholine;
PVWR;AVAR;1;chemical;Acetylcholine;
PVWR;AVDR;2;chemical;Acetylcholine;
PVWR;LUAR;1;chemical;Acetylcholine;
PVWR;VA12;1;chemical;Acetylcholine;
PVCL;ADLR;2;chemical;Acetylcholine;
PVCL;ASHR;2;chemical;Acetylcholine;
PVCL;PDER;1;chemical;Acetylcholine;
PVCL;RIS;2;chemical;Acetylcholine;
PVCL;AVG;2;chemical;Acetylcholine;
PVCL;AVJL;3;chemical;Acetylcholine;
PVCL;AVJR;2;chemical;Acetylcholine;
PVCL;DVA;4;chemical;Acetylcholine;
PVCL;RID;12;chemical;Acetylcholine;
PVCL;PVCL;1;chemical;Acetylcholine;
PVCL;PVCR;10;chemical;Acetylcholine;
PVCL;AVAL;5;chemical;Acetylcholine;
PVCL;AVAR;7;chemical;Acetylcholine;
PVCL;AVBL;7;chemical;Acetylcholine;
PVCL;AVBR;27;chemical;Acetylcholine;
PVCL;AVDL;7;chemical;Acetylcholine;
PVCL;AVDR;11;chemical;Acetylcholine;
PVCL;AVEL;2;chemical;Acetylcholine;
PVCL;AVER;7;chemical;Acetylcholine;
PVCL;SIBVL;7;chemical;Acetylcholine;
PVCL;VA11;1;chemical;Acetylcholine;
PVCL;VB11;1;chemical;Acetylcholine;
PVCR;FLPL;2;chemical;Acetylcholine;
PVCR;PVDL;2;chemical;Acetylcholine;
PVCR;PVDR;1;chemical;Acetylcholine;
PVCR;AQR;2;chemical;Acetylcholine;
PVCR;PDER;1;chemical;Acetylcholine;
PVCR;AVHL;1;chemical;Acetylcholine;
PVCR;AVL;1;chemical;Acetylcholine;
PVCR;DVA;3;chemical;Acetylcholine;
PVCR;PVPR;1;chemical;Acetylcholine;
PVCR;PVR;1;chemical;Acetylcholine;
PVCR;PVWR;1;chemical;Acetylcholine;
PVCR;RID;19;chemical;Acetylcholine;
PVCR;PVCL;4;chemical;Acetylcholine;
PVCR;AVAL;10;chemical;Acetylcholine;
PVCR;AVAR;5;chemical;Acetylcholine;
PVCR;AVBL;21;chemical;Acetylcholine;
PVCR;AVBR;14;chemical;Acetylcholine;
PVCR;AVDL;16;chemical;Acetylcholine;
PVCR;AVDR;6;chemical;Acetylcholine;
PVCR;AVEL;6;chemical;Acetylcholine;
PVCR;AVER;6;chemical;Acetylcholine;
PVCR;LUAR;1;chemical;Acetylcholine;
PVCR;SIBVR;10;chemical;Acetylcholine;
PVCR;VB11;3;chemical;Acetylcholine;
LUAL;PHBL;2;chemical;Glutamate;
LUAL;AVJL;4;chemical;Glutamate;GLR-1
LUAL;AVJR;1;chemical;Glutamate;GLR-1
LUAL;PVWL;1;chemical;Glutamate;
LUAL;AVAL;27;chemical;Glutamate;GLR-1, GLR-2, GLR-4, GLR-5, NMR-1, NMR-2
LUAL;AVAR;23;chemical;Glutamate;GLR-1, GLR-2, GLR-4, GLR-5, NMR-1, NMR-2
LUAL;AVDL;27;chemical;Glutamate;GLR-1, GLR-2, GLR-5, NMR-1, NMR-2
LUAL;AVDR;6;chemical;Glutamate;GLR-1, GLR-2, GLR-5, NMR-1, NMR-2
LUAR;PQR;7;chemical;Glutamate;
LUAR;AVJR;4;chemical;Glutamate;GLR-1
LUAR;PVR;2;chemical;Glutamate;
LUAR;PVWL;3;chemical;Glutamate;
LUAR;PVWR;2;chemical;Glutamate;
LUAR;PVCR;9;chemical;Glutamate;
LUAR;AVAL;13;chemical;Glutamate;GLR-1, GLR-2, GLR-4, GLR-5, NMR-1, NMR-2
LUAR;AVAR;31;chemical;Glutamate;GLR-1, GLR-2, GLR-4, GLR-5, NMR-1, NMR-2
LUAR;AVDL;5;chemical;Glutamate;GLR-1, GLR-2, GLR-5, NMR-1, NMR-2
LUAR;AVDR;14;chemical;Glutamate;GLR-1, GLR-2, GLR-5, NMR-1, NMR-2
LUAR;PDB;2;chemical;Glutamate;
RIML;AIBL;1;chemical;Acetylcholine, Glutamate, Tyramine;GLR-1, GLR-2, GLR-5, MGL-2
RIML;AIBR;22;chemical;Acetylcholine, Glutamate, Tyramine;GLR-1, GLR-2, GLR-5, MGL-2
RIML;RIAL;3;chemical;Acetylcholine, Glutamate, Tyramine;
RIML;RIBL;9;chemical;Acetylcholine, Glutamate, Tyramine;
RIML;RICR;1;chemical;Acetylcholine, Glutamate, Tyramine;
RIML;RMFL;2;chemical;Acetylcholine, Glutamate, Tyramine;
RIML;RMFR;2;chemical;Acetylcholine, Glutamate, Tyramine;
RIML;AVKR;1;chemical;Acetylcholine, Glutamate, Tyramine;GLR-5
RIML;AVAL;5;chemical;Acetylcholine, Glutamate, Tyramine;GLR-1, GLR-2, GLR-4, GLR-5, NMR-1, NMR-2
RIML;AVAR;2;chemical;Acetylcholine, Glutamate, Tyramine;GLR-1, GLR-2, GLR-4, GLR-5, NMR-1, NMR-2
RIML;AVBL;9;chemical;Acetylcholine, Glutamate, Tyramine;GLR-1, GLR-5
RIML;AVBR;11;chemical;Acetylcholine, Glutamate, Tyramine;GLR-1, GLR-5
RIML;AVER;5;chemical;Acetylcholine, Glutamate, Tyramine;GLR-1, GLR-2, GLR-5, NMR-1, NMR-2
RIML;RIML;11;chemical;Acetylcholine, Glutamate, Tyramine;
RIML;RIMR;2;chemical;Acetylcholine, Glutamate, Tyramine;
RIML;RMDL;9;chemical;Acetylcholine, Glutamate, Tyramine;GLR-1
RIML;RMDR;21;chemical;Acetylcholine, Glutamate, Tyramine;GLR-1
RIML;SAADL;1;chemical;Acetylcholine, Glutamate, Tyramine;
RIML;SAADR;4;chemical;Acetylcholine, Glutamate, Tyramine;
RIML;SMDDL;11;chemical;Acetylcholine, Glutamate, Tyramine;
RIML;SMDDR;14;chemical;Acetylcholine, Glutamate, Tyramine;
RIML;SMDVL;11;chemical;Acetylcholine, Glutamate, Tyramine;
RIMR;AIBL;15;chemical;Acetylcholine, Glutamate, Tyramine;GLR-1, GLR-2, GLR-5, MGL-2
RIMR;RIBR;4;chemical;Acetylcholine, Glutamate, Tyramine;
RIMR;RMFL;1;chemical;Acetylcholine, Glutamate, Tyramine;
RIMR;RMFR;7;chemical;Acetylcholine, Glutamate, Tyramine;
RIMR;RIS;2;chemical;Acetylcholine, Glutamate, Tyramine;GLR-1
RIMR;AVJL;4;chemical;Acetylcholine, Glutamate, Tyramine;GLR-1
RIMR;AVKL;1;chemical;Acetylcholine, Glutamate, Tyramine;GLR-5
RIMR;AVAL;9;chemical;Acetylcholine, Glutamate, Tyramine;GLR-1, GLR-2, GLR-4, GLR-5, NMR-1, NMR-2
RIMR;AVBL;9;chemical;Acetylcholine, Glutamate, Tyramine;GLR-1, GLR-5
RIMR;AVBR;12;chemical;Acetylcholine, Glutamate, Tyramine;GLR-1, GLR-5
RIMR;RIML;4;chemical;Acetylcholine, Glutamate, Tyramine;
RIMR;RMDL;15;chemical;Acetylcholine, Glutamate, Tyramine;GLR-1
RIMR;RMDR;12;chemical;Acetylcholine, Glutamate, Tyramine;GLR-1
RIMR;SMDDL;9;chemical;Acetylcholine, Glutamate, Tyramine;
RIMR;SMDDR;14;chemical;Acetylcholine, Glutamate, Tyramine;
RIMR;SMDVL;2;chemical;Acetylcholine, Glutamate, Tyramine;
RIMR;SMDVR;3;chemical;Acetylcholine, Glutamate, Tyramine;
RMDDL;IL1DR;2;chemical;Acetylcholine;
RMDDL;IL1R;9;chemical;Acetylcholine;
RMDDL;CEPVL;2;chemical;Acetylcholine;
RMDDL;RIAL;1;chemical;Acetylcholine;
RMDDL;AVER;1;chemical;Acetylcholine;
RMDDL;RMDVL;1;chemical;Acetylcholine;
RMDDL;RMDVR;22;chemical;Acetylcholine;
RMDDL;RMEV;2;chemical;Acetylcholine;
RMDDL;RMHL;1;chemical;Acetylcholine;
RMDDR;RMDDL;1;chemical;Acetylcholine;
RMDDR;RMDVL;26;chemical;Acetylcholine;
RMDDR;RMDVR;3;chemical;Acetylcholine;
RMDL;IL1L;1;chemical;Acetylcholine;
RMDL;IL1R;1;chemical;Acetylcholine;
RMDL;OLLL;1;chemical;Acetylcholine;
RMDL;OLLR;3;chemical;Acetylcholine;
RMDL;CEPVL;1;chemical;Acetylcholine;
RMDL;URXR;1;chemical;Acetylcholine;
RMDL;ADEL;1;chemical;Acetylcholine;ACR-16
RMDL;ADER;3;chemical;Acetylcholine;ACR-16
RMDL;RIAL;20;chemical;Acetylcholine;
RMDL;RIAR;22;chemical;Acetylcholine;
RMDL;RIBR;1;chemical;Acetylcholine;
RMDL;RMFR;1;chemical;Acetylcholine;
RMDL;RIS;1;chemical;Acetylcholine;
RMDL;AVKR;1;chemical;Acetylcholine;
RMDL;RIML;3;chemical;Acetylcholine;
RMDL;RMDDR;7;chemical;Acetylcholine;
RMDL;RMDR;8;chemical;Acetylcholine;
RMDL;RMDVL;2;chemical;Acetylcholine;
RMDL;RMDVR;3;chemical;Acetylcholine;
RMDL;RMER;3;chemical;Acetylcholine;
RMDL;RMHL;3;chemical;Acetylcholine;
RMDL;RMHR;1;chemical;Acetylcholine;
RMDL;RIVL;1;chemical;Acetylcholine;
RMDL;SIBDR;3;chemical;Acetylcholine;
RMDL;SMDDR;1;chemical;Acetylcholine;
RMDR;IL1L;2;chemical;Acetylcholine;
RMDR;OLLR;2;chemical;Acetylcholine;
RMDR;RIAL;14;chemical;Acetylcholine;
RMDR;RIAR;21;chemical;Acetylcholine;
RMDR;RIS;1;chemical;Acetylcholine;
RMDR;RMGL;1;chemical;Acetylcholine;
RMDR;AVKR;1;chemical;Acetylcholine;
RMDR;RIMR;1;chemical;Acetylcholine;
RMDR;RMDDL;6;chemical;Acetylcholine;
RMDR;RMDL;11;chemical;Acetylcholine;
RMDR;RMDVL;9;chemical;Acetylcholine;
RMDR;SIAVL;1;chemical;Acetylcholine;
RMDR;SMDDR;1;chemical;Acetylcholine;
RMDVL;IL1R;2;chemical;Acetylcholine;
RMDVL;IL2VR;1;chemical;Acetylcholine;
RMDVL;OLQVR;3;chemical;Acetylcholine;
RMDVL;CEPDL;2;chemical;Acetylcholine;
RMDVL;URYVR;1;chemical;Acetylcholine;
RMDVL;AVER;2;chemical;Acetylcholine;
RMDVL;RMDDR;41;chemical;Acetylcholine;
RMDVL;RMDR;2;chemical;Acetylcholine;
RMDVL;RMDVR;1;chemical;Acetylcholine;
RMDVL;SIAVR;2;chemical;Acetylcholine;
RMDVL;SIBVR;1;chemical;Acetylcholine;
RMDVR;IL1DR;1;chemical;Acetylcholine;
RMDVR;IL1L;1;chemical;Acetylcholine;
RMDVR;OLQVL;2;chemical;Acetylcholine;
RMDVR;URYVL;2;chemical;Acetylcholine;
RMDVR;RIAR;1;chemical;Acetylcholine;
RMDVR;AVAR;1;chemical;Acetylcholine;
RMDVR;RMDDL;43;chemical;Acetylcholine;
RMDVR;RMDVR;2;chemical;Acetylcholine;
RMDVR;SIAVL;2;chemical;Acetylcholine;
RMDVR;SIBDR;1;chemical;Acetylcholine;
RMDVR;SIBVL;1;chemical;Acetylcholine;
RMDVR;SMBDR;1;chemical;Acetylcholine;
RMED;RIBL;1;chemical;GABA;
RMED;RIBR;1;chemical;GABA;
RMED;RMED;1;chemical;GABA;
RMED;SMDDL;1;chemical;GABA;
RMED;SMDDR;4;chemical;GABA;
RMEL;IL1R;2;chemical;GABA;
RMEL;OLLR;1;chemical;GABA;
RMEL;RMEV;1;chemical;GABA;
RMER;IL1L;4;chemical;GABA;
RMER;RMER;5;chemical;GABA;
RMER;RMHR;3;chemical;GABA;
RMEV;RIBR;2;chemical;GABA;
RMEV;RIS;1;chemical;GABA;
RMEV;RMDDL;1;chemical;GABA;
RMEV;RMDDR;1;chemical;GABA;
RMEV;RMED;1;chemical;GABA;
RMEV;SMDDR;1;chemical;GABA;
RMEV;SMDVL;1;chemical;GABA;
URADL;IL1DL;4;chemical;Acetylcholine;
URADL;RMEL;8;chemical;Acetylcholine;
URADR;IL1DR;3;chemical;Acetylcholine;
URADR;URYDR;1;chemical;Acetylcholine;
URADR;RMER;1;chemical;Acetylcholine;
URAVL;IL1L;3;chemical;Acetylcholine;
URAVL;IL1VL;6;chemical;Acetylcholine;
URAVL;CEPVL;1;chemical;Acetylcholine;
URAVL;RIBL;1;chemical;Acetylcholine;
URAVL;DVC;1;chemical;Acetylcholine;
URAVL;AVER;1;chemical;Acetylcholine;
URAVL;RMDDL;7;chemical;Acetylcholine;
URAVL;RMDVR;1;chemical;Acetylcholine;
URAVL;RMEL;8;chemical;Acetylcholine;
URAVL;RMER;3;chemical;Acetylcholine;
URAVL;RMEV;10;chemical;Acetylcholine;
URAVR;IL1R;2;chemical;Acetylcholine;
URAVR;IL1VR;9;chemical;Acetylcholine;
URAVR;IL2VR;3;chemical;Acetylcholine;
URAVR;URYVR;1;chemical;Acetylcholine;
URAVR;PVT;3;chemical;Acetylcholine;
URAVR;RMDDR;1;chemical;Acetylcholine;
URAVR;RMDVL;1;chemical;Acetylcholine;
URAVR;RMEL;1;chemical;Acetylcholine;
URAVR;RMER;4;chemical;Acetylcholine;
URAVR;RMEV;2;chemical;Acetylcholine;
SAADL;OLLR;4;chemical;Acetylcholine;
SAADL;AIBL;1;chemical;Acetylcholine;
SAADL;RIGL;1;chemical;Acetylcholine;
SAADL;RMFR;1;chemical;Acetylcholine;
SAADL;AVAL;17;chemical;Acetylcholine;
SAADL;AVBR;1;chemical;Acetylcholine;
SAADL;RIML;11;chemical;Acetylcholine;
SAADL;RIMR;16;chemical;Acetylcholine;
SAADL;RMDVR;1;chemical;Acetylcholine;
SAADL;RIVR;1;chemical;Acetylcholine;
SAADL;SABD;2;chemical;Acetylcholine;
SAADL;SIBDL;1;chemical;Acetylcholine;
SAADL;SIBDR;1;chemical;Acetylcholine;
SAADL;SIBVL;1;chemical;Acetylcholine;
SAADR;OLLL;3;chemical;Acetylcholine;
SAADR;PLNL;1;chemical;Acetylcholine;
SAADR;AIBL;1;chemical;Acetylcholine;
SAADR;AIBR;1;chemical;Acetylcholine;
SAADR;RMFL;5;chemical;Acetylcholine;
SAADR;RMFR;1;chemical;Acetylcholine;
SAADR;RMGL;1;chemical;Acetylcholine;
SAADR;AVAL;1;chemical;Acetylcholine;
SAADR;AVAR;26;chemical;Acetylcholine;
SAADR;RIML;14;chemical;Acetylcholine;
SAADR;RIMR;23;chemical;Acetylcholine;
SAADR;SABD;2;chemical;Acetylcholine;
SAADR;SMBDR;2;chemical;Acetylcholine;
SAADR;SMDVL;5;chemical;Acetylcholine;
SAAVL;OLLR;1;chemical;Acetylcholine;
SAAVL;AIBL;1;chemical;Acetylcholine;
SAAVL;RMFR;11;chemical;Acetylcholine;
SAAVL;AVAL;56;chemical;Acetylcholine;
SAAVL;RIML;5;chemical;Acetylcholine;
SAAVL;RIMR;33;chemical;Acetylcholine;
SAAVL;SAADR;5;chemical;Acetylcholine;
SAAVL;SABD;1;chemical;Acetylcholine;
SAAVL;SABVR;2;chemical;Acetylcholine;
SAAVL;SMBDR;2;chemical;Acetylcholine;
SAAVL;SMDDR;18;chemical;Acetylcholine;
SAAVL;SMDVL;1;chemical;Acetylcholine;
SAAVR;ASIR;1;chemical;Acetylcholine;
SAAVR;IL1DL;12;chemical;Acetylcholine;
SAAVR;ALNR;1;chemical;Acetylcholine;
SAAVR;AIBR;1;chemical;Acetylcholine;
SAAVR;RIAR;1;chemical;Acetylcholine;
SAAVR;AVAR;39;chemical;Acetylcholine;
SAAVR;AVBL;1;chemical;Acetylcholine;
SAAVR;RIML;12;chemical;Acetylcholine;
SAAVR;RIMR;7;chemical;Acetylcholine;
SAAVR;RMEV;1;chemical;Acetylcholine;
SAAVR;SABVL;2;chemical;Acetylcholine;
SAAVR;SMBDL;1;chemical;Acetylcholine;
SAAVR;SMDDL;17;chemical;Acetylcholine;
SABD;SAADL;4;chemical;Acetylcholine;
SABD;SAADR;4;chemical;Acetylcholine;
SABVL;RIGR;1;chemical;Acetylcholine;
SIADL;ALNR;4;chemical;Acetylcholine;
SIADL;SDQR;4;chemical;Acetylcholine;
SIADL;AVFR;1;chemical;Acetylcholine;
SIADL;RMDL;4;chemical;Acetylcholine;
SIADL;SIBDL;4;chemical;Acetylcholine;
SIADL;SMBDL;18;chemical;Acetylcholine;
SIADL;SMDDL;17;chemical;Acetylcholine;
SIADR;IL1VR;1;chemical;Acetylcholine;
SIADR;CEPDL;1;chemical;Acetylcholine;
SIADR;ALML;1;chemical;Acetylcholine;
SIADR;SDQL;4;chemical;Acetylcholine;
SIADR;AVAL;1;chemical;Acetylcholine;
SIADR;SIBDR;4;chemical;Acetylcholine;
SIADR;SMBDR;17;chemical;Acetylcholine;
SIADR;SMDDR;17;chemical;Acetylcholine;
SIAVL;IL2L;1;chemical;Acetylcholine;
SIAVL;PLNL;10;chemical;Acetylcholine;
SIAVL;ADEL;1;chemical;Acetylcholine;ACR-16
SIAVL;SIBVR;2;chemical;Acetylcholine;
SIAVL;SMDVR;10;chemical;Acetylcholine;
SIAVR;PLNR;10;chemical;Acetylcholine;
SIAVR;RMDL;1;chemical;Acetylcholine;
SIAVR;SIBVL;2;chemical;Acetylcholine;
SIAVR;SMDVL;10;chemical;Acetylcholine;
SIBDL;CEPDL;1;chemical;Acetylcholine;
SIBDL;AQR;1;chemical;Acetylcholine;
SIBDL;PVPL;1;chemical;Acetylcholine;
SIBDL;SIADL;2;chemical;Acetylcholine;
SIBDL;SMDDL;10;chemical;Acetylcholine;
SIBDR;SIADR;2;chemical;Acetylcholine;
SIBDR;SMDDR;10;chemical;Acetylcholine;
SIBVL;ALNR;1;chemical;Acetylcholine;
SIBVL;RMGR;1;chemical;Acetylcholine;
SIBVL;RMDDL;1;chemical;Acetylcholine;
SIBVL;SIAVR;5;chemical;Acetylcholine;
SIBVL;SMDDL;1;chemical;Acetylcholine;
SIBVL;SMDVL;22;chemical;Acetylcholine;
SIBVR;ADLR;3;chemical;Acetylcholine;
SIBVR;OLQVR;1;chemical;Acetylcholine;
SIBVR;PLNL;1;chemical;Acetylcholine;
SIBVR;RICL;3;chemical;Acetylcholine;
SIBVR;RMHR;1;chemical;Acetylcholine;
SIBVR;SIAVL;5;chemical;Acetylcholine;
SIBVR;SIAVR;1;chemical;Acetylcholine;
SIBVR;SMDVR;22;chemical;Acetylcholine;
SMBDL;ALNR;1;chemical;Acetylcholine;
SMBDL;SDQR;18;chemical;Acetylcholine;
SMBDL;AIZL;1;chemical;Acetylcholine;
SMBDL;RMED;4;chemical;Acetylcholine;
SMBDL;SIADL;19;chemical;Acetylcholine;
SMBDL;SIAVL;3;chemical;Acetylcholine;
SMBDL;SMDDL;7;chemical;Acetylcholine;
SMBDR;ALNL;5;chemical;Acetylcholine;
SMBDR;SDQL;18;chemical;Acetylcholine;
SMBDR;AVAL;1;chemical;Acetylcholine;
SMBDR;RMED;25;chemical;Acetylcholine;
SMBDR;RIVL;1;chemical;Acetylcholine;
SMBDR;SIADR;20;chemical;Acetylcholine;
SMBDR;SIAVR;1;chemical;Acetylcholine;
SMBDR;SMBDL;3;chemical;Acetylcholine;
SMBDR;SMDDR;4;chemical;Acetylcholine;
SMBVL;PLNL;5;chemical;Acetylcholine;
SMBVL;PLNR;2;chemical;Acetylcholine;
SMBVL;AIML;1;chemical;Acetylcholine;
SMBVL;AVFL;1;chemical;Acetylcholine;
SMBVL;AVHR;1;chemical;Acetylcholine;
SMBVL;AVJR;1;chemical;Acetylcholine;
SMBVL;PVPL;1;chemical;Acetylcholine;
SMBVL;AVBR;1;chemical;Acetylcholine;
SMBVL;RMDVR;1;chemical;Acetylcholine;
SMBVL;RMEV;20;chemical;Acetylcholine;
SMBVL;SAADL;16;chemical;Acetylcholine;
SMBVL;SIAVL;1;chemical;Acetylcholine;
SMBVL;SMBDL;2;chemical;Acetylcholine;
SMBVR;ADLR;2;chemical;Acetylcholine;
SMBVR;CEPVR;8;chemical;Acetylcholine;
SMBVR;PLNL;5;chemical;Acetylcholine;
SMBVR;PLNR;5;chemical;Acetylcholine;
SMBVR;RIAR;1;chemical;Acetylcholine;
SMBVR;RMGR;3;chemical;Acetylcholine;
SMBVR;AVHL;2;chemical;Acetylcholine;
SMBVR;PVR;2;chemical;Acetylcholine;
SMBVR;RMDL;2;chemical;Acetylcholine;
SMBVR;RMDR;3;chemical;Acetylcholine;
SMBVR;RMEV;8;chemical;Acetylcholine;
SMBVR;SAADR;12;chemical;Acetylcholine;
SMBVR;SIAVR;1;chemical;Acetylcholine;
SMBVR;SMBDR;2;chemical;Acetylcholine;
SMDDL;RIAL;9;chemical;Acetylcholine;
SMDDL;RIAR;14;chemical;Acetylcholine;
SMDDL;RIS;2;chemical;Acetylcholine;
SMDDL;AVEL;1;chemical;Acetylcholine;
SMDDL;AVER;1;chemical;Acetylcholine;
SMDDL;RIML;2;chemical;Acetylcholine;
SMDDL;RIMR;1;chemical;Acetylcholine;
SMDDL;RMDL;3;chemical;Acetylcholine;
SMDDL;RMDR;1;chemical;Acetylcholine;
SMDDL;RMED;7;chemical;Acetylcholine;
SMDDL;RMEV;1;chemical;Acetylcholine;
SMDDL;RIVR;1;chemical;Acetylcholine;
SMDDL;SIADL;14;chemical;Acetylcholine;
SMDDL;SIBDL;14;chemical;Acetylcholine;
SMDDL;SIBVL;2;chemical;Acetylcholine;
SMDDL;SMBDL;3;chemical;Acetylcholine;
SMDDL;SMDDR;1;chemical;Acetylcholine;
SMDDL;SMDVR;17;chemical;Acetylcholine;
SMDDR;ALNL;1;chemical;Acetylcholine;
SMDDR;ALNR;2;chemical;Acetylcholine;
SMDDR;AIZR;2;chemical;Acetylcholine;
SMDDR;RIAL;5;chemical;Acetylcholine;
SMDDR;RIAR;3;chemical;Acetylcholine;
SMDDR;RIBL;1;chemical;Acetylcholine;
SMDDR;RIS;3;chemical;Acetylcholine;
SMDDR;AVER;1;chemical;Acetylcholine;
SMDDR;RIMR;3;chemical;Acetylcholine;
SMDDR;RMDR;1;chemical;Acetylcholine;
SMDDR;RMED;5;chemical;Acetylcholine;
SMDDR;RIVL;1;chemical;Acetylcholine;
SMDDR;SIADR;14;chemical;Acetylcholine;
SMDDR;SIBDR;14;chemical;Acetylcholine;
SMDDR;SIBVR;3;chemical;Acetylcholine;
SMDDR;SMBDR;3;chemical;Acetylcholine;
SMDDR;SMDDL;4;chemical;Acetylcholine;
SMDDR;SMDVL;5;chemical;Acetylcholine;
SMDVL;IL2L;1;chemical;Acetylcholine;
SMDVL;CEPVR;1;chemical;Acetylcholine;
SMDVL;ALNL;2;chemical;Acetylcholine;
SMDVL;ALNR;6;chemical;Acetylcholine;
SMDVL;PLNL;6;chemical;Acetylcholine;
SMDVL;RIAL;19;chemical;Acetylcholine;
SMDVL;RIAR;31;chemical;Acetylcholine;
SMDVL;RIBR;1;chemical;Acetylcholine;
SMDVL;PVR;1;chemical;Acetylcholine;
SMDVL;RMDDR;3;chemical;Acetylcholine;
SMDVL;RMEV;1;chemical;Acetylcholine;
SMDVL;RIVL;6;chemical;Acetylcholine;
SMDVL;SIADR;1;chemical;Acetylcholine;
SMDVL;SIAVR;30;chemical;Acetylcholine;
SMDVL;SIBVL;30;chemical;Acetylcholine;
SMDVL;SMDDR;22;chemical;Acetylcholine;
SMDVL;SMDVR;2;chemical;Acetylcholine;
SMDVR;CEPVL;1;chemical;Acetylcholine;
SMDVR;PLNL;6;chemical;Acetylcholine;
SMDVR;AIBR;1;chemical;Acetylcholine;
SMDVR;RIAL;24;chemical;Acetylcholine;
SMDVR;RIAR;16;chemical;Acetylcholine;
SMDVR;AVAR;1;chemical;Acetylcholine;
SMDVR;AVER;1;chemical;Acetylcholine;
SMDVR;RIML;1;chemical;Acetylcholine;
SMDVR;RMDDL;3;chemical;Acetylcholine;
SMDVR;RMED;9;chemical;Acetylcholine;
SMDVR;RIVR;1;chemical;Acetylcholine;
SMDVR;SIAVL;30;chemical;Acetylcholine;
SMDVR;SIBDR;30;chemical;Acetylcholine;
SMDVR;SMDDL;14;chemical;Acetylcholine;
SMDVR;SMDVL;1;chemical;Acetylcholine;
PDA;VD11;10;chemical;Acetylcholine;
PDA;VD12;12;chemical;Acetylcholine;
PDA;VD13;10;chemical;Acetylcholine;
AS10;VD10;10;chemical;Acetylcholine;
AS10;VD11;10;chemical;Acetylcholine;
AS11;VD12;20;chemical;Acetylcholine;
AS11;VD13;4;chemical;Acetylcholine;
VA10;VD10;2;chemical;Acetylcholine;
VA10;VD11;3;chemical;Acetylcholine;
VA10;VD12;3;chemical;Acetylcholine;
VA11;VB10;6;chemical;Acetylcholine;
VA11;VD11;5;chemical;Acetylcholine;
VA11;VD12;3;chemical;Acetylcholine;
VA12;PHCR;1;chemical;Acetylcholine;
VA12;PVCL;3;chemical;Acetylcholine;
VA12;PVCR;4;chemical;Acetylcholine;
VA12;AVAL;3;chemical;Acetylcholine;
VA12;LUAL;2;chemical;Acetylcholine;
VA12;AS10;6;chemical;Acetylcholine;ACR-14, ACR-15, UNC-63
VA12;AS11;6;chemical;Acetylcholine;ACR-14, ACR-15, UNC-63
VA12;VA11;4;chemical;Acetylcholine;
VA12;VB11;4;chemical;Acetylcholine;
VA12;VD12;7;chemical;Acetylcholine;
VA12;VD13;12;chemical;Acetylcholine;
VB10;PVT;1;chemical;Acetylcholine;
VB10;VA11;3;chemical;Acetylcholine;
VB10;VD11;7;chemical;Acetylcholine;
VB10;VD12;6;chemical;Acetylcholine;
VB11;PVWL;1;chemical;Acetylcholine;
VB11;PVWR;1;chemical;Acetylcholine;
VB11;PVCR;1;chemical;Acetylcholine;
VB11;VA12;5;chemical;Acetylcholine;
VB11;VD12;2;chemical;Acetylcholine;
VB11;VD13;22;chemical;Acetylcholine;
VD10;VA10;2;chemical;GABA;
VD11;PVT;1;chemical;GABA;
VD11;AVAR;2;chemical;GABA;
VD11;VA11;2;chemical;GABA;
VD11;VB10;1;chemical;GABA;
VD12;VA11;3;chemical;GABA;
VD12;VA12;13;chemical;GABA;
VD12;VB11;1;chemical;GABA;
VD13;PVWL;1;chemical;GABA;
VD13;PVCR;1;chemical;GABA;
VD13;AVAR;2;chemical;GABA;
VD13;VA12;11;chemical;GABA;
VD13;VD12;1;chemical;GABA;
HSNL;ADLL;1;chemical;Serotonin;SER-6
HSNL;ADLR;1;chemical;Serotonin;SER-6
HSNL;ASHL;3;chemical;Serotonin;SER-3, SER-5
HSNL;ASHR;1;chemical;Serotonin;SER-3, SER-5
HSNL;ASJR;2;chemical;Serotonin;
HSNL;ASKL;3;chemical;Serotonin;
HSNL;ASKR;2;chemical;Serotonin;
HSNL;AWAR;3;chemical;Serotonin;
HSNL;AWBL;5;chemical;Serotonin;SER-5, SER-6
HSNL;AWBR;3;chemical;Serotonin;SER-5, SER-6
HSNL;AIAL;8;chemical;Serotonin;MOD-1
HSNL;AIZL;6;chemical;Serotonin;MOD-1, SER-2
HSNL;AIZR;3;chemical;Serotonin;MOD-1, SER-2
HSNL;AIMR;2;chemical;Serotonin;
HSNL;RIFL;9;chemical;Serotonin;
HSNL;RMGR;1;chemical;Serotonin;
HSNL;AVFL;11;chemical;Serotonin;
HSNL;AVFR;4;chemical;Serotonin;
HSNL;AVJL;3;chemical;Serotonin;SER-5
HSNL;PVQL;1;chemical;Serotonin;SER-1, SER-3
HSNL;RIML;4;chemical;Serotonin;MOD-1, SER-4
HSNL;HSNL;1;chemical;Serotonin;
HSNL;HSNR;5;chemical;Serotonin;
HSNR;ASHL;4;chemical;Serotonin;SER-3, SER-5
HSNR;AWBL;2;chemical;Serotonin;SER-5, SER-6
HSNR;BDUR;2;chemical;Serotonin;SER-2
HSNR;AIAL;3;chemical;Serotonin;MOD-1
HSNR;AIBL;2;chemical;Serotonin;MOD-1, SER-4
HSNR;AIZL;3;chemical;Serotonin;MOD-1, SER-2
HSNR;AIZR;1;chemical;Serotonin;MOD-1, SER-2
HSNR;RIFR;6;chemical;Serotonin;
HSNR;RMGR;1;chemical;Serotonin;
HSNR;AVFL;4;chemical;Serotonin;
HSNR;AVFR;2;chemical;Serotonin;
HSNR;AVHL;2;chemical;Serotonin;SER-2
HSNR;AVHR;2;chemical;Serotonin;SER-2
HSNR;AVJL;3;chemical;Serotonin;SER-5
HSNR;PVPR;1;chemical;Serotonin;
HSNR;PVQR;1;chemical;Serotonin;SER-1, SER-3
HSNR;PVT;1;chemical;Serotonin;SER-1, SER-2, SER-4
HSNR;AVBR;1;chemical;Serotonin;
HSNR;AVDR;1;chemical;Serotonin;
HSNR;AVER;1;chemical;Serotonin;
HSNR;RIML;1;chemical;Serotonin;MOD-1, SER-4
HSNR;RIMR;1;chemical;Serotonin;MOD-1, SER-4
HSNR;RMDDR;1;chemical;Serotonin;SER-1
HSNR;SABD;1;chemical;Serotonin;SER-2
HSNR;SABVR;1;chemical;Serotonin;SER-2
HSNR;HSNL;1;chemical;Serotonin;
